ApplicationNo,CreatedAt,Status,Type,Title,ApplicantOrgNumber,ApplicantOrgName,WithdrawnAt,SubmittedAt,OverallResult,EvaluationFinishedAt,DecisionResult,DecisionTime,ProcessingDays
SP-2023-000001,2023-02-16T11:39:06.540Z,PROCESSED,CHANGE_SITE,HUNDBERGAN,858000742,FLAKSTADVÅG LAKS AS,,,PENDING,,,,
SP-2023-000002,2023-02-16T19:31:54.903Z,RETURNED,NEW_SITE,Segløygrunna,915021352,SALMO INNOVATION AS,,,PENDING,,,,
SP-2023-000035,2023-02-24T14:03:57.392Z,PROCESSED,CHANGE_SITE,SØRVÆRET,976543718,SINKABERGHANSEN AS,,,PENDING,,,,
SP-2023-000036,2023-02-24T14:07:25.121Z,SUBMITTED,CHANGE_SITE,VARHOLMEN,976543718,SINKABERGHANSEN AS,,,PENDING,,,,
SP-2023-000037,2023-03-13T07:44:33.353Z,WITHDRAWN,CHANGE_SITE,JAMNUNGEN,821489962,NORCOD AS,,,PENDING,,,,
SP-2023-000038,2023-03-16T13:57:08.076Z,WITHDRAWN,CHANGE_SITE,MARØYA,976543718,SINKABERGHANSEN AS,,,PENDING,,,,
SP-2023-000039,2023-03-20T14:20:08.422Z,PROCESSED,CHANGE_SITE,MARØYA,976543718,SINKABERGHANSEN AS,,,PENDING,,,,
SP-2023-000040,2023-03-21T14:43:44.098Z,PROCESSED,CHANGE_SITE,FLOTENESET,959473706,AUSTEVOLL MELAKS AS,,,PENDING,,,,
SP-2023-000041,2023-03-23T09:51:12.454Z,SUBMITTED,CHANGE_SITE,HUNDHOLMEN,937504446,WENBERG FISKEOPPDRETT AS,,,PENDING,,,,
SP-2023-000042,2023-03-27T10:23:10.391Z,PROCESSED,NEW_SITE,Langtaren,933792854,MÅSØVAL AS,,,PENDING,,,,
SP-2023-000043,2023-03-31T12:58:28.083Z,PROCESSED,NEW_SITE,Slapøyværet,976253744,LETSEA AS,,,PENDING,,,,
SP-2023-000044,2023-04-04T06:50:18.165Z,PROCESSED,CHANGE_SITE,BØRØYA SLAKTEMERD,976725859,NORDLAKS PRODUKTER AS,,,PENDING,,,,
SP-2023-000045,2023-04-14T06:14:52.910Z,PROCESSED,CHANGE_SITE,OLAUSSKJÆRET,928957489,SALMAR OPPDRETT AS,,,PENDING,,,,
SP-2023-000046,2023-04-19T11:26:56.055Z,PROCESSED,CHANGE_SITE,HISKHOLMEN,914380553,FYLKESNES FISK AS,,,PENDING,,,,
SP-2023-000047,2023-05-02T12:46:24.247Z,PROCESSED,CHANGE_SITE,HESTHOLMEN Ø,838065392,GRIEG SEAFOOD ROGALAND AS,,,PENDING,,,,
SP-2023-000048,2023-05-03T07:05:31.268Z,PROCESSED,CHANGE_SITE,DIGERMULEN,921668236,MOWI SEAWATER NORWAY AS,,,PENDING,,,,
SP-2023-000049,2023-05-10T13:29:12.930Z,PROCESSED,CHANGE_SITE,Skarvhammaren,976253744,LETSEA AS,,,PENDING,,,,
SP-2023-000050,2023-05-12T12:56:10.400Z,PROCESSED,CHANGE_SITE,OKSEN,921668236,MOWI SEAWATER NORWAY AS,,,PENDING,,,,
SP-2023-000051,2023-05-16T09:18:55.256Z,PROCESSED,CHANGE_SITE,ÅDNØY SØ,938567697,ROGALAND FJORDBRUK AS,,,PENDING,,,,
SP-2023-000052,2023-05-22T12:16:23.153Z,PROCESSED,NEW_SITE,Flagskallen,913601963,EGIL KRISTOFFERSEN & SØNNER AS,,,PENDING,,,,
SP-2023-000085,2023-05-23T11:37:23.318Z,PROCESSED,CHANGE_SITE,OVERÅNESET,828764292,HOFSETH AQUA AS,,,PENDING,,,,
SP-2023-000086,2023-05-24T06:42:32.576Z,PROCESSED,CHANGE_SITE,LEITE,921668236,MOWI SEAWATER NORWAY AS,,,PENDING,,,,
SP-2023-000087,2023-05-26T08:52:18.957Z,PROCESSED,CHANGE_SITE,LILLE DJUPFEST,929535081,HOLMØY HAVBRUK AS,,,PENDING,,,,
SP-2023-000088,2023-05-27T06:40:58.883Z,PROCESSED,CHANGE_SITE,RINGHOLMEN,930155209,LERØY MIDT SJØ AS,,,PENDING,,,,
SP-2023-000089,2023-06-02T13:19:20.266Z,SUBMITTED,CHANGE_SITE,TOPPSUND Ø,929911946,NORDLAKS HAVBRUK AS,,,PENDING,,,,
SP-2023-000122,2023-06-06T08:20:40.029Z,PROCESSED,CHANGE_SITE,DAUMANNSVIKA,937504446,WENBERG FISKEOPPDRETT AS,,,PENDING,,,,
SP-2023-000123,2023-06-08T13:29:18.754Z,PROCESSED,CHANGE_SITE,KVENBUKTA V,958023685,EIDSFJORD SJØFARM AS,,,PENDING,,,,
SP-2023-000124,2023-06-13T07:14:32.221Z,RETURNED,CHANGE_SITE,AUSTNESTÅA,988718181,SVANØY HAVBRUK AS,,,PENDING,,,,
SP-2023-000125,2023-06-14T09:47:28.828Z,PROCESSED,NEW_SITE,Blikvær,827248312,NOVA SEA HAVBRUK AS,,,PENDING,,,,
SP-2023-000126,2023-06-15T13:11:27.231Z,PROCESSED,CHANGE_SITE,STORE TEISTHOLMEN Ø,930367931,GRIEG SEAFOOD ROGALAND SJØ AS,,,PENDING,,,,
SP-2023-000127,2023-06-16T07:07:38.074Z,PROCESSED,CHANGE_SITE,LARSTANGEN,928957489,SALMAR OPPDRETT AS,,,PENDING,,,,
SP-2023-000160,2023-06-21T11:36:48.139Z,PROCESSED,CHANGE_SITE,KVERNES,884141982,BALLANGEN SJØFARM AS,,,PENDING,,,,
SP-2023-000161,2023-06-21T11:40:01.780Z,PROCESSED,CHANGE_SITE,GANGDAL,966451238,ERKO SEAFOOD AS,,,PENDING,,,,
SP-2023-000162,2023-06-22T07:45:25.047Z,WITHDRAWN,CHANGE_SITE,KÅVIKA,930155179,LERØY AURORA SJØ AS,,,PENDING,,,,
SP-2023-000163,2023-06-22T11:58:34.690Z,SUBMITTED,NEW_SITE,Lammøya,921668236,MOWI SEAWATER NORWAY AS,,,PENDING,,,,
SP-2023-000164,2023-06-22T13:01:51.570Z,PROCESSED,CHANGE_SITE,KYSNES,966451238,ERKO SEAFOOD AS,,,PENDING,,,,
SP-2023-000165,2023-06-27T10:11:52.709Z,WITHDRAWN,CHANGE_SITE,MANNBRUHOLMEN,921668236,MOWI SEAWATER NORWAY AS,,,PENDING,,,,
SP-2023-000198,2023-06-29T10:41:33.943Z,PROCESSED,CHANGE_SITE,STORFJELL,929911946,NORDLAKS HAVBRUK AS,,,PENDING,,,,
SP-2023-000199,2023-06-30T06:00:15.209Z,SUBMITTED,NEW_SITE,Prestvika,921668236,MOWI SEAWATER NORWAY AS,,,PENDING,,,,
SP-2023-000232,2023-07-03T11:07:00.832Z,PROCESSED,CHANGE_SITE,Holand,958023685,EIDSFJORD SJØFARM AS,,,PENDING,,,,
SP-2023-000265,2023-07-04T07:24:03.084Z,SUBMITTED,CHANGE_SITE,STORØYA NØ,929535081,HOLMØY HAVBRUK AS,,,PENDING,,,,
SP-2023-000298,2023-07-05T09:39:11.214Z,PROCESSED,CHANGE_SITE,ISTERVIKA,921668236,MOWI SEAWATER NORWAY AS,,,PENDING,,,,
SP-2023-000299,2023-07-06T10:12:06.083Z,PROCESSED,CHANGE_SITE,MARØYTÅA,939064893,MARØ HAVBRUK A/S,,,PENDING,,,,
SP-2023-000300,2023-07-07T06:52:01.641Z,PROCESSED,CHANGE_SITE,FOSSÅ,921668236,MOWI SEAWATER NORWAY AS,,,PENDING,,,,
SP-2023-000301,2023-07-10T07:19:34.597Z,SUBMITTED,CHANGE_SITE,GRØTTØY,929911946,NORDLAKS HAVBRUK AS,,,PENDING,,,,
SP-2023-000302,2023-07-10T07:42:32.942Z,PROCESSED,CHANGE_SITE,FÆTTEN,930155209,LERØY MIDT SJØ AS,,,PENDING,,,,
SP-2023-000303,2023-07-10T07:52:45.178Z,PROCESSED,NEW_SITE,Hoholmen,929911946,NORDLAKS HAVBRUK AS,,,PENDING,,,,
SP-2023-000304,2023-07-10T10:30:37.976Z,PROCESSED,CHANGE_SITE,INDRE OPPEDAL,921668236,MOWI SEAWATER NORWAY AS,,,PENDING,,,,
SP-2023-000305,2023-07-10T22:10:23.741Z,WITHDRAWN,CHANGE_SITE,SKJORTNESET II,828764292,HOFSETH AQUA AS,,,PENDING,,,,
SP-2023-000306,2023-07-11T11:11:11.230Z,PROCESSED,CHANGE_SITE,MANNBRUHOLMEN,921668236,MOWI SEAWATER NORWAY AS,,,PENDING,,,,
SP-2023-000307,2023-07-12T09:12:58.889Z,SUBMITTED,CHANGE_SITE,PUNDSVIK I,884141982,BALLANGEN SJØFARM AS,,,PENDING,,,,
SP-2023-000308,2023-07-17T06:44:54.240Z,PROCESSED,CHANGE_SITE,HAUG,929911946,NORDLAKS HAVBRUK AS,,,PENDING,,,,
SP-2023-000309,2023-07-17T08:45:05.738Z,PROCESSED,CHANGE_SITE,SLÅTTVIKA,921668236,MOWI SEAWATER NORWAY AS,,,PENDING,,,,
SP-2023-000310,2023-07-17T14:06:04.995Z,SUBMITTED,CHANGE_SITE,OSPENESET,866751242,EIDE FJORDBRUK AS,,,PENDING,,,,
SP-2023-000311,2023-07-18T07:11:01.252Z,SUBMITTED,CHANGE_SITE,LANGØY,866751242,EIDE FJORDBRUK AS,,,PENDING,,,,
SP-2023-000312,2023-07-19T07:31:30.353Z,PROCESSED,CHANGE_SITE,LITJEVIKA,929911946,NORDLAKS HAVBRUK AS,,,PENDING,,,,
SP-2023-000313,2023-07-21T07:57:23.167Z,WITHDRAWN,CHANGE_SITE,GUDMUNDSET,994829750,PROPHYLAXIA AS,,,PENDING,,,,
SP-2023-000314,2023-07-21T09:38:18.695Z,PROCESSED,CHANGE_SITE,FUREHOLMEN S,999638872,SULEFISK AS,,,PENDING,,,,
SP-2023-000315,2023-07-24T06:52:57.965Z,PROCESSED,CHANGE_SITE,KALVIK,921668236,MOWI SEAWATER NORWAY AS,,,PENDING,,,,
SP-2023-000316,2023-08-04T12:28:24.399Z,PROCESSED,CHANGE_SITE,LANGERÅA,997152743,E. KARSTENSEN FISKEOPPDRETT AS,,,PENDING,,,,
SP-2023-000317,2023-08-09T16:24:13.489Z,PROCESSED,NEW_SITE,Brandaskuta,836597702,SEASHORE SJØ AS,,,PENDING,,,,
SP-2023-000318,2023-08-11T07:30:43.442Z,PROCESSED,CHANGE_SITE,KLUBBEN,928957489,SALMAR OPPDRETT AS,,,PENDING,,,,
SP-2023-000319,2023-08-11T12:50:32.201Z,WITHDRAWN,NEW_SITE,Lelandsholmen,914380553,FYLKESNES FISK AS,,,PENDING,,,,
SP-2023-000320,2023-08-11T12:59:33.343Z,PROCESSED,CHANGE_SITE,SLOKKHOLMEN Ø,921668236,MOWI SEAWATER NORWAY AS,,,PENDING,,,,
SP-2023-000321,2023-08-15T18:35:19.414Z,PROCESSED,CHANGE_SITE,SKÅRLIODDEN,928957489,SALMAR OPPDRETT AS,,,PENDING,,,,
SP-2023-000322,2023-08-24T11:24:07.631Z,SUBMITTED,CHANGE_SITE,ÆSØYA,952217860,ISQUEEN AS,,,PENDING,,,,
SP-2023-000323,2023-08-25T12:24:53.495Z,SUBMITTED,NEW_SITE,Bjørnvika,930155179,LERØY AURORA SJØ AS,,,PENDING,,,,
SP-2023-000324,2023-08-28T08:28:35.588Z,PROCESSED,CHANGE_SITE,HAGEBERGAN,958023685,EIDSFJORD SJØFARM AS,,,PENDING,,,,
SP-2023-000325,2023-08-30T10:49:41.290Z,PROCESSED,CHANGE_SITE,HILDERKLEIVA,988365777,GRATANGLAKS AS,,,PENDING,,,,
SP-2023-000326,2023-09-05T07:47:26.324Z,SUBMITTED,CHANGE_SITE,RINØYVÅG Ø,929535081,HOLMØY HAVBRUK AS,,,PENDING,,,,
SP-2023-000359,2023-09-07T09:09:56.110Z,SUBMITTED,CHANGE_SITE,SKÅLSVIKA,827248312,NOVA SEA HAVBRUK AS,,,PENDING,,,,
SP-2023-000360,2023-09-07T13:12:21.819Z,SUBMITTED,NEW_SITE,Lyngøy Øst,918003126,NORSK HAVBRUKSSENTER AS,,,PENDING,,,,
SP-2023-000361,2023-09-08T08:52:14.014Z,PROCESSED,CHANGE_SITE,STRAUMNESET,966451238,ERKO SEAFOOD AS,,,PENDING,,,,
SP-2023-000362,2023-09-08T13:08:16.336Z,PROCESSED,CHANGE_SITE,RUSSELVA,958023685,EIDSFJORD SJØFARM AS,,,PENDING,,,,
SP-2023-000363,2023-09-08T13:25:31.891Z,PROCESSED,CHANGE_SITE,BREMNESSVAET,921668236,MOWI SEAWATER NORWAY AS,,,PENDING,,,,
SP-2023-000364,2023-09-14T10:14:05.302Z,SUBMITTED,NEW_SITE,Langstranda,921668236,MOWI SEAWATER NORWAY AS,,,PENDING,,,,
SP-2023-000365,2023-09-15T12:06:39.655Z,SUBMITTED,CHANGE_SITE,KLUBBEN,921668236,MOWI SEAWATER NORWAY AS,,,PENDING,,,,
SP-2023-000398,2023-09-21T08:25:12.180Z,SUBMITTED,CHANGE_SITE,TJUKKENESET,930152366,CERMAQ NORWAY SALMON AS,,,PENDING,,,,
SP-2023-000431,2023-09-25T06:33:31.399Z,PROCESSED,CHANGE_SITE,HELLERFLESA,932186497,BJØRØYA AS,,,PENDING,,,,
SP-2023-000464,2023-10-05T12:02:16.263Z,PROCESSED,CHANGE_SITE,HUSFJORD,930152366,CERMAQ NORWAY SALMON AS,,,PENDING,,,,
SP-2023-000465,2023-10-06T08:57:10.084Z,RETURNED,CHANGE_SITE,SKYSSELVIKA V,937504446,WENBERG FISKEOPPDRETT AS,,,PENDING,,,,
SP-2023-000466,2023-10-06T12:41:58.690Z,PROCESSED,CHANGE_SITE,SLOPPEGRUNN,930152366,CERMAQ NORWAY SALMON AS,,,PENDING,,,,
SP-2023-000499,2023-10-12T09:10:44.612Z,PROCESSED,CHANGE_SITE,TRÆLSØYOSEN,930185698,LERØY VEST SJØ AS,,,PENDING,,,,
SP-2023-000500,2023-10-13T07:22:06.971Z,PROCESSED,CHANGE_SITE,SLETTNESFJORD,930152366,CERMAQ NORWAY SALMON AS,,,PENDING,,,,
SP-2023-000501,2023-10-13T12:54:41.228Z,PROCESSED,CHANGE_SITE,SVOLLANDSNESET,836597702,SEASHORE SJØ AS,,,PENDING,,,,
SP-2023-000502,2023-10-20T10:22:49.050Z,PROCESSED,CHANGE_SITE,SOLVÆRET,928957489,SALMAR OPPDRETT AS,,,PENDING,,,,
SP-2023-000535,2023-10-23T10:13:37.476Z,PROCESSED,CHANGE_SITE,ROGNDALEN,921601123,SJURELV FISKEOPPDRETT AS,,,PENDING,,,,
SP-2023-000568,2023-10-24T13:50:30.222Z,SUBMITTED,CHANGE_SITE,DYPEIDET,930152366,CERMAQ NORWAY SALMON AS,,,PENDING,,,,
SP-2023-000569,2023-10-25T07:10:52.881Z,PROCESSED,CHANGE_SITE,FINNVIK,928957489,SALMAR OPPDRETT AS,,,PENDING,,,,
SP-2023-000570,2023-10-25T13:33:31.187Z,PROCESSED,CHANGE_SITE,GUDMUNDSET,994829750,PROPHYLAXIA AS,,,PENDING,,,,
SP-2023-000571,2023-10-25T14:37:32.045Z,PROCESSED,CHANGE_SITE,NORDSKAFTET,827248312,NOVA SEA HAVBRUK AS,,,PENDING,,,,
SP-2023-000604,2023-11-01T13:39:13.442Z,PROCESSED,CHANGE_SITE,DALE II,930367931,GRIEG SEAFOOD ROGALAND SJØ AS,,,PENDING,,,,
SP-2023-000605,2023-11-02T11:39:07.439Z,PROCESSED,NEW_SITE,Store Svartholet,921668236,MOWI SEAWATER NORWAY AS,,,PENDING,,,,
SP-2023-000606,2023-11-06T08:57:17.554Z,PROCESSED,CHANGE_SITE,KORSNES,928957489,SALMAR OPPDRETT AS,,,PENDING,,,,
SP-2023-000607,2023-11-06T12:34:21.249Z,PROCESSED,CHANGE_SITE,HORSVÅGEN,930152366,CERMAQ NORWAY SALMON AS,,,PENDING,,,,
SP-2023-000608,2023-11-07T07:10:42.412Z,PROCESSED,NEW_SITE,Kya,928957489,SALMAR OPPDRETT AS,,,PENDING,,,,
SP-2023-000641,2023-11-08T08:54:40.629Z,SUBMITTED,CHANGE_SITE,NEDRE KVARV,921668236,MOWI SEAWATER NORWAY AS,,,PENDING,,,,
SP-2023-000642,2023-11-09T13:06:13.582Z,PROCESSED,CHANGE_SITE,HARDBAKKENESET,936678432,FIRDA SJØFARMER AS,,,PENDING,,,,
SP-2023-000643,2023-11-10T10:35:31.248Z,PROCESSED,CHANGE_SITE,KUØYNA,936678432,FIRDA SJØFARMER AS,,,PENDING,,,,
SP-2023-000644,2023-11-14T22:34:44.463Z,PROCESSED,CHANGE_SITE,ILSØYA 2,933792854,MÅSØVAL AS,,,PENDING,,,,
SP-2023-000645,2023-11-15T09:35:34.059Z,PROCESSED,CHANGE_SITE,STOREVIK,958608837,FLOKENES FISKEFARM AS,,,PENDING,,,,
SP-2023-000646,2023-11-16T12:58:34.754Z,SUBMITTED,CHANGE_SITE,KARISKJÆRET,943609551,LOFOTEN SJØPRODUKTER AS,,,PENDING,,,,
SP-2023-000647,2023-11-17T14:17:16.163Z,SUBMITTED,NEW_SITE,Langholmen,836597702,SEASHORE SJØ AS,,,PENDING,,,,
SP-2023-000648,2023-11-21T08:57:52.699Z,PROCESSED,NEW_SITE,Breivik,921668236,MOWI SEAWATER NORWAY AS,,,PENDING,,,,
SP-2023-000649,2023-11-23T13:58:25.634Z,SUBMITTED,CHANGE_SITE,ALDALEN,930391328,AS BOLAKS,,,PENDING,,,,
SP-2023-000650,2023-11-30T08:29:33.076Z,SUBMITTED,CHANGE_SITE,SILDA,840215512,BLOM FISKEOPPDRETT AS,,,PENDING,,,,
SP-2023-000651,2023-12-07T13:28:02.069Z,PROCESSED,NEW_SITE,Plomma,928957489,SALMAR OPPDRETT AS,,,PENDING,,,,
SP-2023-000652,2023-12-11T08:12:04.955Z,PROCESSED,CHANGE_SITE,BERGSNES V,930367435,GRIEG SEAFOOD FINNMARK SJØ AS,,,PENDING,,,,
SP-2023-000685,2023-12-15T13:10:45.777Z,SUBMITTED,CHANGE_SITE,BJØRNØYA,943609551,LOFOTEN SJØPRODUKTER AS,,,PENDING,,,,
SP-2023-000686,2023-12-18T14:41:39.816Z,SUBMITTED,NEW_SITE,Kinnholmen,929535081,HOLMØY HAVBRUK AS,,,PENDING,,,,
SP-2023-000687,2023-12-22T10:11:02.496Z,SUBMITTED,CHANGE_SITE,GÅSFLESTAREN,932186497,BJØRØYA AS,,,PENDING,,,,
SP-2023-000688,2023-12-22T12:03:11.254Z,RETURNED,CHANGE_SITE,URDANESET,828764292,HOFSETH AQUA AS,,,PENDING,,,,
SP-2024-000689,2024-01-02T13:50:23.819Z,PROCESSED,CHANGE_SITE,BORGARLIFLOT,938567697,ROGALAND FJORDBRUK AS,,,PENDING,,,,
SP-2024-000690,2024-01-02T14:28:13.158Z,PROCESSED,CHANGE_SITE,DYRNES,940887836,FJELBERG FJORDBRUK  AS,,,PENDING,,,,
SP-2024-000691,2024-01-05T21:18:11.193Z,SUBMITTED,CHANGE_SITE,KVINGRA,928957489,SALMAR OPPDRETT AS,,,PENDING,,,,
SP-2024-000692,2024-01-08T13:08:43.971Z,WITHDRAWN,NEW_SITE,Leikvika,921668236,MOWI SEAWATER NORWAY AS,,,PENDING,,,,
SP-2024-000693,2024-01-09T07:43:19.616Z,PROCESSED,CHANGE_SITE,KLEPPENES N,930367435,GRIEG SEAFOOD FINNMARK SJØ AS,,,PENDING,,,,
SP-2024-000694,2024-01-09T07:51:25.119Z,PROCESSED,CHANGE_SITE,STORVIKA,930367435,GRIEG SEAFOOD FINNMARK SJØ AS,,,PENDING,,,,
SP-2024-000695,2024-01-15T09:30:15.813Z,SUBMITTED,CHANGE_SITE,BUKKHOLMEN,921668236,MOWI SEAWATER NORWAY AS,,,PENDING,,,,
SP-2024-000696,2024-01-15T15:42:34.549Z,PROCESSED,CHANGE_SITE,RØYSA,921668236,MOWI SEAWATER NORWAY AS,,,PENDING,,,,
SP-2024-000697,2024-01-16T14:21:10.711Z,SUBMITTED,NEW_SITE,Mindland,996482537,AKVAFUTURE AS,,,PENDING,,,,
SP-2024-000698,2024-01-25T13:52:20.202Z,PROCESSED,CHANGE_SITE,KOKVIKA,827248312,NOVA SEA HAVBRUK AS,,,PENDING,,,,
SP-2024-000731,2024-01-26T10:46:08.934Z,PROCESSED,CHANGE_SITE,VESTNES,929911946,NORDLAKS HAVBRUK AS,,,PENDING,,,,
SP-2024-000732,2024-01-31T12:15:47.359Z,PROCESSED,CHANGE_SITE,DREVFLESA,932186497,BJØRØYA AS,,,PENDING,,,,
SP-2024-000733,2024-01-31T12:44:27.392Z,PROCESSED,CO_LOCATION_APPLICATION,SØREIDE,821614422,LANDØY FISKEOPPDRETT AS,,,PENDING,,,,
SP-2024-000734,2024-01-31T12:49:52.237Z,PROCESSED,CO_LOCATION_APPLICATION,BJØNNSPJOTNESET,821614422,LANDØY FISKEOPPDRETT AS,,,PENDING,,,,
SP-2024-000735,2024-01-31T14:21:46.992Z,PROCESSED,CHANGE_SITE,LANGHOLMEN N,929535081,HOLMØY HAVBRUK AS,,,PENDING,,,,
SP-2024-000736,2024-02-02T10:52:26.670Z,PROCESSED,CO_LOCATION_APPLICATION,HAMNSUNDET I,921668236,MOWI SEAWATER NORWAY AS,,,PENDING,,,,
SP-2024-000737,2024-02-02T14:06:32.280Z,SUBMITTED,CHANGE_SITE,Mulen,930152366,CERMAQ NORWAY SALMON AS,,,PENDING,,,,
SP-2024-000738,2024-02-02T14:54:57.137Z,PROCESSED,CO_LOCATION_APPLICATION,LANGØY,930185698,LERØY VEST SJØ AS,,,PENDING,,,,
SP-2024-000739,2024-02-05T09:30:06.296Z,SUBMITTED,NEW_SITE,Sømnesøya,921668236,MOWI SEAWATER NORWAY AS,,,PENDING,,,,
SP-2024-000740,2024-02-05T18:08:07.963Z,SUBMITTED,NEW_SITE,Skipbåtsvær,931064649,HELGELAND LAKS AS,,,PENDING,,,,
SP-2024-000741,2024-02-05T18:39:09.627Z,WITHDRAWN,NEW_SITE,Nord-Dønna,931064649,HELGELAND LAKS AS,,,PENDING,,,,
SP-2024-000742,2024-02-06T08:55:44.971Z,PROCESSED,CHANGE_SITE,HETTANESET,921668236,MOWI SEAWATER NORWAY AS,,,PENDING,,,,
SP-2024-000775,2024-02-07T10:27:06.175Z,PROCESSED,CHANGE_SITE,MÅRSANJARGA,930367435,GRIEG SEAFOOD FINNMARK SJØ AS,,,PENDING,,,,
SP-2024-000808,2024-02-08T11:51:44.155Z,SUBMITTED,CHANGE_SITE,STRETARNESET,929535081,HOLMØY HAVBRUK AS,,,PENDING,,,,
SP-2024-000841,2024-02-09T14:49:32.037Z,PROCESSED,CO_LOCATION_APPLICATION,BÅSEN,886953402,PHARMAQ AS,,,PENDING,,,,
SP-2024-000842,2024-02-09T15:25:33.124Z,WITHDRAWN,CHANGE_SITE,DALJORDA,929535081,HOLMØY HAVBRUK AS,,,PENDING,,,,
SP-2024-000843,2024-02-09T15:44:03.278Z,SUBMITTED,CHANGE_SITE,DALJORDA,929535081,HOLMØY HAVBRUK AS,,,PENDING,,,,
SP-2024-000844,2024-02-13T11:37:20.886Z,PROCESSED,NEW_SITE,21335 Floteneset,994046055,ALLER AQUA NORWAY AS,,,PENDING,,,,
SP-2024-000845,2024-02-14T09:24:06.813Z,PROCESSED,CHANGE_SITE,KJØTTA V,988365777,GRATANGLAKS AS,,,PENDING,,,,
SP-2024-000846,2024-02-14T12:29:55.324Z,PROCESSED,CHANGE_SITE,VENGSØY,921601123,SJURELV FISKEOPPDRETT AS,,,PENDING,,,,
SP-2024-000847,2024-02-15T12:20:48.131Z,PROCESSED,CHANGE_SITE,TRETTEVIK,928957489,SALMAR OPPDRETT AS,,,PENDING,,,,
SP-2024-000880,2024-02-23T09:45:27.725Z,PROCESSED,CO_LOCATION_APPLICATION,DYRHOLMEN V,923070591,ENGESUND FISKEOPPDRETT AS,,,PENDING,,,,
SP-2024-000881,2024-02-26T11:56:38.825Z,PROCESSED,CO_LOCATION_APPLICATION,SOLØYA,924452625,HAVBRUKSAKADEMIET NORD AS,,,PENDING,,,,
SP-2024-000882,2024-02-26T12:01:17.612Z,PROCESSED,CO_LOCATION_APPLICATION,KORSNES,924452625,HAVBRUKSAKADEMIET NORD AS,,,PENDING,,,,
SP-2024-000883,2024-02-26T12:06:27.855Z,PROCESSED,CO_LOCATION_APPLICATION,SKARVHAUSEN,924452625,HAVBRUKSAKADEMIET NORD AS,,,PENDING,,,,
SP-2024-000884,2024-02-26T12:12:54.962Z,PROCESSED,CHANGE_SITE,URDANESET,930773840,HOFSETH SEA FARMING AS,,,PENDING,,,,
SP-2024-000917,2024-02-28T09:26:34.583Z,PROCESSED,CO_LOCATION_APPLICATION,DURMÅLSVIKA,816157382,SALAKS PRODUKSJON AS,,,PENDING,,,,
SP-2024-000950,2024-03-01T14:35:44.897Z,PROCESSED,CO_LOCATION_APPLICATION,KLOKKSTEIN,816157382,SALAKS PRODUKSJON AS,,,PENDING,,,,
SP-2024-000951,2024-03-06T11:56:58.005Z,PROCESSED,CHANGE_SITE,KJØRSVIKGRUNN,930155209,LERØY MIDT SJØ AS,,,PENDING,,,,
SP-2024-000952,2024-03-06T13:38:10.713Z,PROCESSED,CHANGE_SITE,GULHOLMEN,930185698,LERØY VEST SJØ AS,,,PENDING,,,,
SP-2024-000953,2024-03-07T08:00:05.374Z,PROCESSED,CHANGE_SITE,KALVHODET,929911946,NORDLAKS HAVBRUK AS,,,PENDING,,,,
SP-2024-000954,2024-03-11T15:14:48.226Z,SUBMITTED,CHANGE_SITE,GOURTESJOUKA,930155179,LERØY AURORA SJØ AS,,,PENDING,,,,
SP-2024-000955,2024-03-12T14:41:08.953Z,SUBMITTED,CO_LOCATION_APPLICATION,REVØY,830648402,SØRLANDET VISNINGSSENTER AS,,,PENDING,,,,
SP-2024-000956,2024-03-12T14:47:59.316Z,SUBMITTED,CO_LOCATION_APPLICATION,NAKKESTAD,830648402,SØRLANDET VISNINGSSENTER AS,,,PENDING,,,,
SP-2024-000957,2024-03-12T14:52:01.470Z,SUBMITTED,CO_LOCATION_APPLICATION,KJEHOLMEN II,830648402,SØRLANDET VISNINGSSENTER AS,,,PENDING,,,,
SP-2024-000990,2024-03-13T11:30:09.975Z,PROCESSED,CO_LOCATION_APPLICATION,LEIHOLMANE,840215512,BLOM FISKEOPPDRETT AS,,,PENDING,,,,
SP-2024-000991,2024-03-13T11:42:41.813Z,PROCESSED,CO_LOCATION_APPLICATION,ELVENESET,840215512,BLOM FISKEOPPDRETT AS,,,PENDING,,,,
SP-2024-000992,2024-03-13T11:44:33.096Z,PROCESSED,CO_LOCATION_APPLICATION,GRÅVIKA,840215512,BLOM FISKEOPPDRETT AS,,,PENDING,,,,
SP-2024-000993,2024-03-14T07:52:10.704Z,PROCESSED,CO_LOCATION_APPLICATION,BJØRGA,928957489,SALMAR OPPDRETT AS,,,PENDING,,,,
SP-2024-000994,2024-03-15T10:42:16.244Z,PROCESSED,CO_LOCATION_APPLICATION,SKARBUKTA,921709218,HAUGE AQUA FARMING AS,,,PENDING,,,,
SP-2024-001027,2024-03-21T07:34:38.498Z,PROCESSED,CHANGE_SITE,Bakfjorden,930152366,CERMAQ NORWAY SALMON AS,,,PENDING,,,,
SP-2024-001060,2024-03-22T08:24:50.819Z,PROCESSED,CHANGE_SITE,SOLHEIM,930155179,LERØY AURORA SJØ AS,,,PENDING,,,,
SP-2024-001061,2024-03-22T08:29:25.951Z,PROCESSED,CHANGE_SITE,LANGÅS,930155179,LERØY AURORA SJØ AS,,,PENDING,,,,
SP-2024-001062,2024-03-22T11:34:26.832Z,PROCESSED,CHANGE_SITE,ÅKRE,921668236,MOWI SEAWATER NORWAY AS,,,PENDING,,,,
SP-2024-001063,2024-04-02T17:51:25.304Z,SUBMITTED,CHANGE_SITE,FISKEFJORDEN,929535081,HOLMØY HAVBRUK AS,,,PENDING,,,,
SP-2024-001064,2024-04-05T13:34:05.192Z,WITHDRAWN,NEW_SITE,Skjellnes,988365777,GRATANGLAKS AS,,,PENDING,,,,
SP-2024-001065,2024-04-05T13:48:28.364Z,WITHDRAWN,NEW_SITE,Ytre Djupvik,988365777,GRATANGLAKS AS,,,PENDING,,,,
SP-2024-001066,2024-04-08T13:01:02.762Z,PROCESSED,CHANGE_SITE,ALDALEN,929068300,BOLAKS SJØ AS,,,PENDING,,,,
SP-2024-001067,2024-04-10T12:35:43.493Z,PROCESSED,CHANGE_SITE,DJUPTAREN,932186497,BJØRØYA AS,,,PENDING,,,,
SP-2024-001068,2024-04-10T20:40:42.563Z,PROCESSED,CHANGE_SITE,MÅVÆR,929601610,LOVUNDLAKS SJØ AS,,,PENDING,,,,
SP-2024-001069,2024-04-11T09:27:11.968Z,RETURNED,NEW_SITE,Tømmerhella,827248312,NOVA SEA HAVBRUK AS,,,PENDING,,,,
SP-2024-001070,2024-04-12T10:10:27.822Z,PROCESSED,CO_LOCATION_APPLICATION,LANGØY,923070591,ENGESUND FISKEOPPDRETT AS,,,PENDING,,,,
SP-2024-001071,2024-04-15T08:17:13.332Z,SUBMITTED,CO_LOCATION_APPLICATION,MÅREN,958123701,STEINVIK FISKEFARM AS,,,PENDING,,,,
SP-2024-001072,2024-04-15T08:19:18.845Z,PROCESSED,CO_LOCATION_APPLICATION,SØREVIK,958123701,STEINVIK FISKEFARM AS,,,PENDING,,,,
SP-2024-001073,2024-04-15T11:58:46.252Z,WITHDRAWN,CO_LOCATION_APPLICATION,ØRNES,996236625,SELSØYVIK HAVBRUK AS,,,PENDING,,,,
SP-2024-001074,2024-04-15T13:01:32.172Z,PROCESSED,CO_LOCATION_APPLICATION,HELLARVIKA,930152366,CERMAQ NORWAY SALMON AS,,,PENDING,,,,
SP-2024-001075,2024-04-17T12:45:01.640Z,SUBMITTED,SPECIAL_INTENTION,Søknad om særlige formål,956876354,TROLAND LAKSEOPPDRETT AS,,,PENDING,,,,
SP-2024-001076,2024-04-18T06:04:25.469Z,PROCESSED,CO_LOCATION_APPLICATION,ØRNES,996236625,SELSØYVIK HAVBRUK AS,,,PENDING,,,,
SP-2024-001077,2024-04-18T12:07:12.849Z,SUBMITTED,CHANGE_SITE,HOVDENAKKEN,928957489,SALMAR OPPDRETT AS,,,PENDING,,,,
SP-2024-001078,2024-04-18T13:23:12.268Z,WITHDRAWN,NON_FISH_SPECIES,Kåvikneset,820740882,LERØY OCEAN HARVEST AS,,,PENDING,,,,
SP-2024-001079,2024-04-19T10:03:11.052Z,PROCESSED,CO_LOCATION_APPLICATION,STORELVA,921668236,MOWI SEAWATER NORWAY AS,,,PENDING,,,,
SP-2024-001112,2024-04-23T14:04:12.376Z,PROCESSED,CO_LOCATION_APPLICATION,Korsvika,929601610,LOVUNDLAKS SJØ AS,,,PENDING,,,,
SP-2024-001113,2024-04-23T14:06:43.363Z,PROCESSED,CO_LOCATION_APPLICATION,GRASHOLMAN,929601610,LOVUNDLAKS SJØ AS,,,PENDING,,,,
SP-2024-001114,2024-04-24T12:24:31.109Z,PROCESSED,NON_FISH_SPECIES,HALSEN,832728322,PROTEOS EIENDOM AS,,,PENDING,,,,
SP-2024-001115,2024-04-25T11:37:22.899Z,PROCESSED,CO_LOCATION_MESSAGE,ALTANESET,929068300,BOLAKS SJØ AS,,,PENDING,,,,
SP-2024-001116,2024-04-25T11:50:37.134Z,PROCESSED,CO_LOCATION_MESSAGE,OTERSTEGDALEN,929068300,BOLAKS SJØ AS,,,PENDING,,,,
SP-2024-001117,2024-04-25T11:54:22.685Z,PROCESSED,CO_LOCATION_MESSAGE,SKRUBBO,929068300,BOLAKS SJØ AS,,,PENDING,,,,
SP-2024-001118,2024-04-26T11:50:35.174Z,PROCESSED,CHANGE_SITE,LARSTANGEN,928957489,SALMAR OPPDRETT AS,,,PENDING,,,,
SP-2024-001119,2024-04-29T13:21:11.316Z,PROCESSED,CHANGE_SITE,HALLVARDØY,929911946,NORDLAKS HAVBRUK AS,,,PENDING,,,,
SP-2024-001120,2024-04-30T12:44:06.944Z,PROCESSED,CO_LOCATION_APPLICATION,MOVIKODDEN N,996236625,SELSØYVIK HAVBRUK AS,,,PENDING,,,,
SP-2024-001121,2024-04-30T18:06:27.917Z,WITHDRAWN,OTHER_FISH_SPECIES,ØRJAVIK,974526441,NORDIC HALIBUT AS,,,PENDING,,,,
SP-2024-001122,2024-05-01T10:36:03.360Z,PROCESSED,CO_LOCATION_MESSAGE,ALDALEN,929068300,BOLAKS SJØ AS,,,PENDING,,,,
SP-2024-001123,2024-05-01T10:36:52.738Z,PROCESSED,CO_LOCATION_MESSAGE,GJERDEVIKSFLUA,929068300,BOLAKS SJØ AS,,,PENDING,,,,
SP-2024-001124,2024-05-01T10:38:03.685Z,PROCESSED,CO_LOCATION_MESSAGE,FUSAVIKA,929068300,BOLAKS SJØ AS,,,PENDING,,,,
SP-2024-001125,2024-05-03T10:12:57.466Z,SUBMITTED,SPECIAL_INTENTION,Søknad om særlige formål,936678432,FIRDA SJØFARMER AS,,,PENDING,,,,
SP-2024-001126,2024-05-06T07:36:52.302Z,SUBMITTED,CHANGE_SITE,HEGGVIKA,921668236,MOWI SEAWATER NORWAY AS,,,PENDING,,,,
SP-2024-001127,2024-05-06T11:39:04.358Z,PROCESSED,NEW_SITE,Økernveien 94,855869942,NORSK INSTITUTT FOR VANNFORSKNING,,,PENDING,,,,
SP-2024-001160,2024-05-10T09:11:46.211Z,SUBMITTED,CHANGE_SITE,SANDHOLMAN,952217860,ISQUEEN AS,,,PENDING,,,,
SP-2024-001193,2024-05-10T09:48:28.540Z,PROCESSED,CHANGE_SITE,GEITERØYA I,952217860,ISQUEEN AS,,,PENDING,,,,
SP-2024-001194,2024-05-10T10:00:05.974Z,PROCESSED,CO_LOCATION_APPLICATION,SYRTANGEN,958123701,STEINVIK FISKEFARM AS,,,PENDING,,,,
SP-2024-001195,2024-05-13T09:49:53.635Z,PROCESSED,NEW_SITE,Nord-Dønna,931064649,HELGELAND LAKS AS,,,PENDING,,,,
SP-2024-001196,2024-05-14T11:22:15.143Z,PROCESSED,CO_LOCATION_APPLICATION,STOREVIKA,950912278,GILDESKÅL FORSKNINGSSTASJON AS,,,PENDING,,,,
SP-2024-001197,2024-05-14T13:48:15.932Z,WITHDRAWN,NON_FISH_SPECIES,Klauvnesbukt,820740882,LERØY OCEAN HARVEST AS,,,PENDING,,,,
SP-2024-001198,2024-05-15T12:38:45.930Z,SUBMITTED,LAND_BASED_AQUACULTURE,Eksisterende lokalitet - Naustholmen Ø,999573525,AMINOR AS,,,PENDING,,,,
SP-2024-001199,2024-05-15T12:58:50.701Z,PROCESSED,NEW_SITE,Klovningen,929706331,FRØYA LAKS AS,,,PENDING,,,,
SP-2024-001200,2024-05-16T09:17:33.862Z,PROCESSED,CHANGE_SITE,HANEHOLMEN,921398336,NORDFJORD LAKS AS,,,PENDING,,,,
SP-2024-001201,2024-05-16T12:56:22.604Z,SUBMITTED,SPECIAL_INTENTION,Søknad om særlige formål,898844412,OSLAND GENETICS AS,,,PENDING,,,,
SP-2024-001202,2024-05-16T17:31:02.064Z,WITHDRAWN,LAND_BASED_AQUACULTURE,Myklebust,928487423,OCEAN GEM AS,,,PENDING,,,,
SP-2024-001203,2024-05-16T17:36:38.490Z,WITHDRAWN,LAND_BASED_AQUACULTURE,Myklebust,928487423,OCEAN GEM AS,,,PENDING,,,,
SP-2024-001204,2024-05-27T13:39:13.769Z,PROCESSED,CO_LOCATION_APPLICATION,LEIHOLMANE,936678432,FIRDA SJØFARMER AS,,,PENDING,,,,
SP-2024-001205,2024-05-27T13:42:59.564Z,PROCESSED,CO_LOCATION_APPLICATION,HARDBAKKENESET,936678432,FIRDA SJØFARMER AS,,,PENDING,,,,
SP-2024-001206,2024-05-29T07:02:38.108Z,PROCESSED,CO_LOCATION_APPLICATION,SØRFJORDEN STAMFISKANLEGG,983506925,BENCHMARK GENETICS NORWAY AS,,,PENDING,,,,
SP-2024-001207,2024-05-29T07:43:34.221Z,PROCESSED,CO_LOCATION_APPLICATION,BREIVIKEN,983506925,BENCHMARK GENETICS NORWAY AS,,,PENDING,,,,
SP-2024-001208,2024-05-29T07:57:59.282Z,PROCESSED,CO_LOCATION_APPLICATION,MOVIKODDEN N,983506925,BENCHMARK GENETICS NORWAY AS,,,PENDING,,,,
SP-2024-001241,2024-05-31T09:17:10.779Z,PROCESSED,CO_LOCATION_APPLICATION,SØREIDE,821614422,LANDØY FISKEOPPDRETT AS,,,PENDING,,,,
SP-2024-001242,2024-05-31T09:24:57.129Z,PROCESSED,CO_LOCATION_APPLICATION,TORVUND,821614422,LANDØY FISKEOPPDRETT AS,,,PENDING,,,,
SP-2024-001243,2024-05-31T09:30:32.466Z,PROCESSED,CO_LOCATION_APPLICATION,MJØLSVIK,821614422,LANDØY FISKEOPPDRETT AS,,,PENDING,,,,
SP-2024-001244,2024-05-31T09:36:00.102Z,PROCESSED,CO_LOCATION_APPLICATION,SØREVIK,821614422,LANDØY FISKEOPPDRETT AS,,,PENDING,,,,
SP-2024-001245,2024-05-31T09:39:23.550Z,SUBMITTED,CO_LOCATION_APPLICATION,MÅREN,821614422,LANDØY FISKEOPPDRETT AS,,,PENDING,,,,
SP-2024-001246,2024-05-31T09:44:24.299Z,PROCESSED,CO_LOCATION_APPLICATION,BJØNNSPJOTNESET,821614422,LANDØY FISKEOPPDRETT AS,,,PENDING,,,,
SP-2024-001247,2024-05-31T09:47:32.907Z,WITHDRAWN,CO_LOCATION_APPLICATION,MÅREN,821614422,LANDØY FISKEOPPDRETT AS,,,PENDING,,,,
SP-2024-001280,2024-05-31T13:52:36.570Z,SUBMITTED,CHANGE_SITE,HJARTØY Ø,930152366,CERMAQ NORWAY SALMON AS,,,PENDING,,,,
SP-2024-001281,2024-05-31T14:10:27.174Z,SUBMITTED,NEW_SITE,Ikke relevant da det søkes om forlengelse av FoU tillatelser,998710227,SEACALX AS,,,PENDING,,,,
SP-2024-001282,2024-05-31T21:53:44.520Z,SUBMITTED,SPECIAL_INTENTION,Søknad om særlige formål,984027958,NEKTON HAVBRUK AS,,,PENDING,,,,
SP-2024-001283,2024-06-05T21:09:39.723Z,PROCESSED,CHANGE_SITE,BOGELVA,929911946,NORDLAKS HAVBRUK AS,,,PENDING,,,,
SP-2024-001284,2024-06-11T09:23:04.772Z,PROCESSED,CO_LOCATION_APPLICATION,LANGØY,923070591,ENGESUND FISKEOPPDRETT AS,,,PENDING,,,,
SP-2024-001285,2024-06-11T11:26:00.141Z,PROCESSED,CHANGE_SITE,DYPINGEN,929911946,NORDLAKS HAVBRUK AS,,,PENDING,,,,
SP-2024-001286,2024-06-12T06:40:01.379Z,WITHDRAWN,CO_LOCATION_APPLICATION,SKARBUKTA,994829750,PROPHYLAXIA AS,,,PENDING,,,,
SP-2024-001287,2024-06-12T06:40:56.935Z,WITHDRAWN,CO_LOCATION_APPLICATION,GJERMUNDNES,994829750,PROPHYLAXIA AS,,,PENDING,,,,
SP-2024-001288,2024-06-12T06:41:39.043Z,WITHDRAWN,CO_LOCATION_APPLICATION,GUDMUNDSET,994829750,PROPHYLAXIA AS,,,PENDING,,,,
SP-2024-001289,2024-06-12T09:19:00.755Z,PROCESSED,CO_LOCATION_APPLICATION,GUDMUNDSET,994829750,PROPHYLAXIA AS,,,PENDING,,,,
SP-2024-001290,2024-06-12T09:19:35.080Z,PROCESSED,CO_LOCATION_APPLICATION,GJERMUNDNES,994829750,PROPHYLAXIA AS,,,PENDING,,,,
SP-2024-001291,2024-06-12T09:19:51.717Z,WITHDRAWN,CO_LOCATION_APPLICATION,SKARBUKTA,994829750,PROPHYLAXIA AS,,,PENDING,,,,
SP-2024-001292,2024-06-13T07:16:04.624Z,PROCESSED,CHANGE_SITE,KNUBBEN,932186497,BJØRØYA AS,,,PENDING,,,,
SP-2024-001293,2024-06-14T15:44:22.700Z,SUBMITTED,CHANGE_SITE,SLÅTTENES,921668236,MOWI SEAWATER NORWAY AS,,,PENDING,,,,
SP-2024-001294,2024-06-15T20:47:27.105Z,WITHDRAWN,CO_LOCATION_MESSAGE,MÅVÆR,929601610,LOVUNDLAKS SJØ AS,,,PENDING,,,,
SP-2024-001295,2024-06-15T20:55:09.436Z,PROCESSED,CO_LOCATION_APPLICATION,STORE BUKKØY N,929601610,LOVUNDLAKS SJØ AS,,,PENDING,,,,
SP-2024-001296,2024-06-15T21:01:01.973Z,PROCESSED,CO_LOCATION_APPLICATION,MÅVÆR,929601610,LOVUNDLAKS SJØ AS,,,PENDING,,,,
SP-2024-001297,2024-06-16T20:00:30.572Z,PROCESSED,CO_LOCATION_APPLICATION,SKARBUKTA,994829750,PROPHYLAXIA AS,,,PENDING,,,,
SP-2024-001330,2024-06-17T08:24:42.730Z,SUBMITTED,SPECIAL_INTENTION,Søknad om særlige formål,961922976,CERMAQ NORWAY AS,,,PENDING,,,,
SP-2024-001331,2024-06-17T13:15:04.697Z,PROCESSED,CO_LOCATION_APPLICATION,LEIRVIKA,923070591,ENGESUND FISKEOPPDRETT AS,,,PENDING,,,,
SP-2024-001364,2024-06-19T10:28:57.752Z,PROCESSED,NEW_SITE,Tuvaodden,929706331,FRØYA LAKS AS,,,PENDING,,,,
SP-2024-001365,2024-06-20T10:10:31.685Z,PROCESSED,CO_LOCATION_APPLICATION,DURMÅLSVIKA,816157382,SALAKS PRODUKSJON AS,,,PENDING,,,,
SP-2024-001366,2024-06-21T14:26:31.135Z,PROCESSED,CO_LOCATION_APPLICATION,HARDBAKKENESET,936678432,FIRDA SJØFARMER AS,,,PENDING,,,,
SP-2024-001367,2024-06-21T14:27:56.876Z,PROCESSED,CO_LOCATION_APPLICATION,LEIHOLMANE,936678432,FIRDA SJØFARMER AS,,,PENDING,,,,
SP-2024-001368,2024-06-21T18:08:12.698Z,PROCESSED,LAND_BASED_AQUACULTURE,Kvalnes,932201070,ANDFJORD SALMON AS,,,PENDING,,,,
SP-2024-001369,2024-06-25T11:24:46.815Z,PROCESSED,CO_LOCATION_APPLICATION,STORVIK,929418964,AKVANORTH FARM AS,,,PENDING,,,,
SP-2024-001370,2024-06-25T11:40:56.014Z,PROCESSED,OTHER_FISH_SPECIES,ØRJAVIK,974526441,NORDIC HALIBUT AS,,,PENDING,,,,
SP-2024-001371,2024-06-25T13:41:02.469Z,PROCESSED,CHANGE_SITE,SANDKVIA,988718181,SVANØY HAVBRUK AS,,,PENDING,,,,
SP-2024-001372,2024-06-29T05:46:10.621Z,PROCESSED,NON_FISH_SPECIES,MÅSSKJÆRA,993491780,SEAWEED SOLUTIONS AS,,,PENDING,,,,
SP-2024-001373,2024-07-01T12:49:12.201Z,PROCESSED,CO_LOCATION_APPLICATION,LEIRVIKA,923070591,ENGESUND FISKEOPPDRETT AS,,,PENDING,,,,
SP-2024-001374,2024-07-02T08:13:48.889Z,PROCESSED,CHANGE_SITE,DÅVØYA,930155179,LERØY AURORA SJØ AS,,,PENDING,,,,
SP-2024-001375,2024-07-03T11:10:32.412Z,PROCESSED,CHANGE_SITE,KVALØY Ø,923187030,VARDE FISKEOPPDRETT AS,,,PENDING,,,,
SP-2024-001376,2024-07-05T09:12:13.372Z,PROCESSED,CO_LOCATION_APPLICATION,LAUSKLUBBEN,937375158,AKVAPLAN-NIVA AS,,,PENDING,,,,
SP-2024-001377,2024-07-05T09:31:55.063Z,SUBMITTED,CHANGE_SITE,SLETTVIKA,994300474,MÅSØVAL LISENS AS,,,PENDING,,,,
SP-2024-001378,2024-07-05T12:12:50.066Z,RETURNED,NEW_SITE,Gambukta,922997748,LYNGEN SEAWEED AS,,,PENDING,,,,
SP-2024-001379,2024-07-05T12:37:35.908Z,SUBMITTED,LAND_BASED_AQUACULTURE,Dokken,971349077,HAVFORSKNINGSINSTITUTTET,,,PENDING,,,,
SP-2024-001380,2024-07-08T09:06:32.774Z,PROCESSED,CHANGE_SITE,RAMSTADHOLMEN,921668236,MOWI SEAWATER NORWAY AS,,,PENDING,,,,
SP-2024-001381,2024-07-10T08:30:40.083Z,PROCESSED,CHANGE_SITE,VORAVIKA,921668236,MOWI SEAWATER NORWAY AS,,,PENDING,,,,
SP-2024-001382,2024-07-10T11:49:13.471Z,PROCESSED,MINOR_AREA_CHANGES,YTRE SIMANES,980361306,GRIEG SEAFOOD FINNMARK AS,,,PENDING,,,,
SP-2024-001415,2024-07-19T13:22:29.764Z,PROCESSED,CHANGE_SITE,RENNAREN,838065392,GRIEG SEAFOOD ROGALAND AS,,,PENDING,,,,
SP-2024-001416,2024-07-22T11:29:05.314Z,PROCESSED,CO_LOCATION_APPLICATION,BJØRNSTEIN,921668236,MOWI SEAWATER NORWAY AS,,,PENDING,,,,
SP-2024-001417,2024-07-22T18:32:45.045Z,PROCESSED,CO_LOCATION_APPLICATION,NAUSTNESET,989278835,NOFIMA AS,,,PENDING,,,,
SP-2024-001418,2024-07-30T12:17:01.493Z,SUBMITTED,CO_LOCATION_APPLICATION,SÆTEROSEN,921668236,MOWI SEAWATER NORWAY AS,,,PENDING,,,,
SP-2024-001419,2024-07-30T12:40:19.152Z,SUBMITTED,CHANGE_SITE,NORDNES,930152366,CERMAQ NORWAY SALMON AS,,,PENDING,,,,
SP-2024-001420,2024-07-31T12:56:26.306Z,PROCESSED,CO_LOCATION_APPLICATION,STILLE S,956876354,TROLAND LAKSEOPPDRETT AS,,,PENDING,,,,
SP-2024-001421,2024-08-05T10:31:24.873Z,PROCESSED,CHANGE_SITE,BUKTODDEN NØ,827248312,NOVA SEA HAVBRUK AS,,,PENDING,,,,
SP-2024-001422,2024-08-05T10:32:07.810Z,SUBMITTED,CHANGE_SITE,RENGA S,827248312,NOVA SEA HAVBRUK AS,,,PENDING,,,,
SP-2024-001423,2024-08-05T10:52:18.740Z,PROCESSED,CO_LOCATION_APPLICATION,DRØNO,956876354,TROLAND LAKSEOPPDRETT AS,,,PENDING,,,,
SP-2024-001424,2024-08-06T13:02:40.464Z,PROCESSED,SPECIAL_INTENTION,Søknad om særlige formål,886953402,PHARMAQ AS,,,PENDING,,,,
SP-2024-001425,2024-08-07T10:49:50.955Z,SUBMITTED,OTHER_FISH_SPECIES,Veggen,996198944,ORGANIC SEAFARM AS,,,PENDING,,,,
SP-2024-001426,2024-08-08T11:49:17.208Z,PROCESSED,CO_LOCATION_APPLICATION,JUVIKA,994829750,PROPHYLAXIA AS,,,PENDING,,,,
SP-2024-001427,2024-08-09T12:16:33.874Z,SUBMITTED,CHANGE_SITE,KOLØY N,989867202,HARDINGSMOLT AS,,,PENDING,,,,
SP-2024-001428,2024-08-09T13:30:11.721Z,WITHDRAWN,OTHER_FISH_SPECIES,Selfjord,996198944,ORGANIC SEAFARM AS,,,PENDING,,,,
SP-2024-001429,2024-08-09T13:53:21.077Z,WITHDRAWN,NEW_SITE,Fransvika,996198944,ORGANIC SEAFARM AS,,,PENDING,,,,
SP-2024-001430,2024-08-13T13:01:07.665Z,PROCESSED,NEW_SITE,Senoksen,840215512,BLOM FISKEOPPDRETT AS,,,PENDING,,,,
SP-2024-001431,2024-08-14T19:39:03.158Z,PROCESSED,CHANGE_SITE,Linesvika,921668236,MOWI SEAWATER NORWAY AS,,,PENDING,,,,
SP-2024-001432,2024-08-15T13:32:07.348Z,PROCESSED,MINOR_AREA_CHANGES,PERSFLUA,921668236,MOWI SEAWATER NORWAY AS,,,PENDING,,,,
SP-2024-001433,2024-08-16T11:47:22.701Z,PROCESSED,NEW_SITE,Gjesværet,961288983,SELØY SJØFARM AS,,,PENDING,,,,
SP-2024-001434,2024-08-16T12:04:47.578Z,PROCESSED,CO_LOCATION_MESSAGE,TEPSTAD,930155209,LERØY MIDT SJØ AS,,,PENDING,,,,
SP-2024-001435,2024-08-19T12:37:52.474Z,SUBMITTED,SPECIAL_INTENTION,Søknad om særlige formål,961922976,CERMAQ NORWAY AS,,,PENDING,,,,
SP-2024-001436,2024-08-19T12:57:59.744Z,PROCESSED,CO_LOCATION_APPLICATION,ÅLVORA,931887750,FLOKENES FISKEFARM AS,,,PENDING,,,,
SP-2024-001469,2024-08-20T12:15:14.301Z,SUBMITTED,CATCH_BASED_AQUACULTURE,Abelsnes,996504891,NORSK OPPDRETTSSERVICE AS AVD FLEKKEFJORD,,,PENDING,,,,
SP-2024-001470,2024-08-20T12:29:51.203Z,PROCESSED,MINOR_AREA_CHANGES,NORDNESBUKTA,928957489,SALMAR OPPDRETT AS,,,PENDING,,,,
SP-2024-001471,2024-08-23T12:25:00.049Z,PROCESSED,CHANGE_SITE,HARBAKHOLMEN,931124668,EMILSEN HAVBRUK AS,,,PENDING,,,,
SP-2024-001472,2024-08-28T12:39:28.715Z,PROCESSED,CO_LOCATION_APPLICATION,LYBERGSVIKA,966840528,SALMAR FARMING AS,,,PENDING,,,,
SP-2024-001473,2024-08-30T12:42:30.379Z,WITHDRAWN,SPECIAL_INTENTION,Søknad om særlige formål,963201230,VESO AS,,,PENDING,,,,
SP-2024-001474,2024-08-30T12:47:58.406Z,SUBMITTED,SPECIAL_INTENTION,Søknad om særlige formål,963201230,VESO AS,,,PENDING,,,,
SP-2024-001475,2024-08-30T12:50:47.488Z,SUBMITTED,SPECIAL_INTENTION,Søknad om særlige formål,963201230,VESO AS,,,PENDING,,,,
SP-2024-001476,2024-08-30T12:52:21.560Z,SUBMITTED,SPECIAL_INTENTION,Søknad om særlige formål,963201230,VESO AS,,,PENDING,,,,
SP-2024-001509,2024-09-02T12:14:25.342Z,SUBMITTED,CHANGE_SITE,SKJELLESVIKA,816157382,SALAKS PRODUKSJON AS,,,PENDING,,,,
SP-2024-001542,2024-09-03T19:10:23.613Z,PROCESSED,CO_LOCATION_APPLICATION,HALLSTEINHAMN I,947038877,EDELFARM AS,,,PENDING,,,,
SP-2024-001543,2024-09-11T10:44:37.834Z,PROCESSED,CO_LOCATION_APPLICATION,BJØRGA,928957489,SALMAR OPPDRETT AS,,,PENDING,,,,
SP-2024-001544,2024-09-13T08:08:22.832Z,SUBMITTED,SPECIAL_INTENTION,Søknad om særlige formål,930152366,CERMAQ NORWAY SALMON AS,,,PENDING,,,,
SP-2024-001545,2024-09-16T08:49:27.313Z,PROCESSED,CHANGE_SITE,KYRAVIKA,921668236,MOWI SEAWATER NORWAY AS,,,PENDING,,,,
SP-2024-001546,2024-09-16T14:39:53.829Z,PROCESSED,CO_LOCATION_APPLICATION,NORDSKAFTET,827248312,NOVA SEA HAVBRUK AS,,,PENDING,,,,
SP-2024-001547,2024-09-18T06:04:47.116Z,PROCESSED,CO_LOCATION_APPLICATION,LÅVA,989278835,NOFIMA AS,,,PENDING,,,,
SP-2024-001548,2024-09-20T09:34:11.018Z,WITHDRAWN,NEW_SITE,Salttjern,930155179,LERØY AURORA SJØ AS,,,PENDING,,,,
SP-2024-001549,2024-09-20T10:43:28.036Z,SUBMITTED,NEW_SITE,Sandskjæret,930155179,LERØY AURORA SJØ AS,,,PENDING,,,,
SP-2024-001550,2024-09-20T12:09:23.366Z,PROCESSED,CHANGE_SITE,LAUSKLUBBEN,930155179,LERØY AURORA SJØ AS,,,PENDING,,,,
SP-2024-001551,2024-09-20T12:28:51.305Z,PROCESSED,CHANGE_SITE,LATVIKA,930155179,LERØY AURORA SJØ AS,,,PENDING,,,,
SP-2024-001552,2024-09-23T20:08:46.318Z,PROCESSED,CHANGE_SITE,VINDSNES,828764292,HOFSETH AQUA AS,,,PENDING,,,,
SP-2024-001553,2024-09-24T09:02:51.301Z,SUBMITTED,NEW_SITE,Torshaugen,931198432,NORDLY INNOVATION AS,,,PENDING,,,,
SP-2024-001554,2024-09-24T12:11:19.717Z,SUBMITTED,CHANGE_SITE,EIME,930367435,GRIEG SEAFOOD FINNMARK SJØ AS,,,PENDING,,,,
SP-2024-001555,2024-09-24T12:16:59.034Z,PROCESSED,CHANGE_SITE,STORE TEISTHOLMEN Ø,930367435,GRIEG SEAFOOD FINNMARK SJØ AS,,,PENDING,,,,
SP-2024-001556,2024-09-25T07:21:06.593Z,PROCESSED,CHANGE_SITE,GJÆSINGEN,928957489,SALMAR OPPDRETT AS,,,PENDING,,,,
SP-2024-001589,2024-09-26T07:33:02.788Z,PROCESSED,CHANGE_SITE,TORGERHAUGEN,921668236,MOWI SEAWATER NORWAY AS,,,PENDING,,,,
SP-2024-001622,2024-09-26T11:18:25.496Z,PROCESSED,NEW_SITE,Buskjæret,994300474,MÅSØVAL LISENS AS,,,PENDING,,,,
SP-2024-001623,2024-09-26T11:20:45.252Z,SUBMITTED,NEW_SITE,Haram,994300474,MÅSØVAL LISENS AS,,,PENDING,,,,
SP-2024-001624,2024-09-29T11:00:13.893Z,WITHDRAWN,OTHER_FISH_SPECIES,Storvika,974526441,NORDIC HALIBUT AS,,,PENDING,,,,
SP-2024-001625,2024-09-30T10:28:43.463Z,PROCESSED,SPECIAL_INTENTION,Søknad om særlige formål,996482537,AKVAFUTURE AS,,,PENDING,,,,
SP-2024-001626,2024-09-30T10:34:43.354Z,WITHDRAWN,SPECIAL_INTENTION,Søknad om særlige formål,996482537,AKVAFUTURE AS,,,PENDING,,,,
SP-2024-001627,2024-09-30T10:37:37.486Z,PROCESSED,SPECIAL_INTENTION,Søknad om særlige formål,996482537,AKVAFUTURE AS,,,PENDING,,,,
SP-2024-001628,2024-10-01T11:39:40.363Z,RETURNED,LAND_BASED_AQUACULTURE,Vanvikan,913553306,C-FEED AS,,,PENDING,,,,
SP-2024-001629,2024-10-03T10:42:17.049Z,PROCESSED,CHANGE_SITE,HJELLBERGET,921668236,MOWI SEAWATER NORWAY AS,,,PENDING,,,,
SP-2024-001630,2024-10-03T13:24:43.829Z,PROCESSED,SPECIAL_INTENTION,Søknad om særlige formål,989278835,NOFIMA AS,,,PENDING,,,,
SP-2024-001631,2024-10-05T17:00:01.367Z,PROCESSED,SPECIAL_INTENTION,Søknad om særlige formål,919349697,FJORD MILJØ AS,,,PENDING,,,,
SP-2024-001632,2024-10-07T11:42:17.273Z,SUBMITTED,CHANGE_SITE,OLDERBAKKEN,921668236,MOWI SEAWATER NORWAY AS,,,PENDING,,,,
SP-2024-001633,2024-10-07T12:05:33.360Z,PROCESSED,CHANGE_SITE,Nordfoldleira I,814439062,FOLLA ALGER AS,,,PENDING,,,,
SP-2024-001634,2024-10-07T12:31:48.878Z,PROCESSED,CHANGE_SITE,STORSKJÆRET,961922976,CERMAQ NORWAY AS,,,PENDING,,,,
SP-2024-001635,2024-10-08T11:18:35.404Z,PROCESSED,CHANGE_SITE,MJØNES,930155179,LERØY AURORA SJØ AS,,,PENDING,,,,
SP-2024-001636,2024-10-09T13:44:54.891Z,PROCESSED,CHANGE_SITE,MOLGAVLEN,929911946,NORDLAKS HAVBRUK AS,,,PENDING,,,,
SP-2024-001637,2024-10-11T11:27:38.526Z,PROCESSED,CO_LOCATION_APPLICATION,YTRE KOVEN,930152366,CERMAQ NORWAY SALMON AS,,,PENDING,,,,
SP-2024-001638,2024-10-11T11:37:39.140Z,PROCESSED,CO_LOCATION_APPLICATION,STORE LERRESFJORD,930152366,CERMAQ NORWAY SALMON AS,,,PENDING,,,,
SP-2024-001639,2024-10-14T11:41:36.905Z,WITHDRAWN,NEW_SITE,Fransvika,996198944,ORGANIC SEAFARM AS,,,PENDING,,,,
SP-2024-001640,2024-10-15T09:25:29.029Z,WITHDRAWN,NEW_SITE,Torshaugen,825504672,POLARFEED AS,,,PENDING,,,,
SP-2024-001641,2024-10-15T19:36:39.293Z,PROCESSED,CO_LOCATION_APPLICATION,TORANGSKJERET,956876354,TROLAND LAKSEOPPDRETT AS,,,PENDING,,,,
SP-2024-001642,2024-10-17T07:06:13.747Z,PROCESSED,CHANGE_SITE,Ystøya,976253744,LETSEA AS,,,PENDING,,,,
SP-2024-001643,2024-10-17T12:25:45.489Z,PROCESSED,MINOR_AREA_CHANGES,PURKHOLMEN,928957489,SALMAR OPPDRETT AS,,,PENDING,,,,
SP-2024-001644,2024-10-18T11:11:49.228Z,SUBMITTED,CO_LOCATION_APPLICATION,LANGHOLMEN,950912278,GILDESKÅL FORSKNINGSSTASJON AS,,,PENDING,,,,
SP-2024-001645,2024-10-18T13:25:32.265Z,PROCESSED,CHANGE_SITE,ROGNE,921668236,MOWI SEAWATER NORWAY AS,,,PENDING,,,,
SP-2024-001646,2024-10-18T16:12:33.025Z,PROCESSED,CHANGE_SITE,FYLLINGSNES S,866751242,EIDE FJORDBRUK AS,,,PENDING,,,,
SP-2024-001647,2024-10-25T12:46:33.980Z,PROCESSED,CO_LOCATION_APPLICATION,SKARVESTEIN,930068128,TROMS FYLKESKOMMUNE,,,PENDING,,,,
SP-2024-001648,2024-10-25T12:55:43.285Z,PROCESSED,CO_LOCATION_APPLICATION,KÅVIKA,930068128,TROMS FYLKESKOMMUNE,,,PENDING,,,,
SP-2024-001649,2024-10-25T12:59:55.722Z,PROCESSED,CO_LOCATION_APPLICATION,VORTERØYSKAGEN,930068128,TROMS FYLKESKOMMUNE,,,PENDING,,,,
SP-2024-001650,2024-10-25T13:03:43.012Z,PROCESSED,CO_LOCATION_APPLICATION,ÅRØYA,930068128,TROMS FYLKESKOMMUNE,,,PENDING,,,,
SP-2024-001651,2024-10-25T13:05:42.612Z,PROCESSED,CO_LOCATION_APPLICATION,GOURTESJOUKA,930068128,TROMS FYLKESKOMMUNE,,,PENDING,,,,
SP-2024-001652,2024-10-29T09:51:24.574Z,WITHDRAWN,CO_LOCATION_APPLICATION,Ystøya,921668236,MOWI SEAWATER NORWAY AS,,,PENDING,,,,
SP-2024-001653,2024-10-29T11:56:23.691Z,WITHDRAWN,CO_LOCATION_APPLICATION,SEISKJÆRET,921668236,MOWI SEAWATER NORWAY AS,,,PENDING,,,,
SP-2024-001654,2024-11-01T13:53:47.779Z,PROCESSED,CO_LOCATION_APPLICATION,DRØNO,956876354,TROLAND LAKSEOPPDRETT AS,,,PENDING,,,,
SP-2024-001655,2024-11-01T15:06:45.659Z,WITHDRAWN,LAND_BASED_AQUACULTURE,Kleivi Biopark,931339931,UPSTREAM AQUA AS,,,PENDING,,,,
SP-2024-001656,2024-11-04T13:12:39.432Z,PROCESSED,CO_LOCATION_APPLICATION,HUNDBERGAN,921668236,MOWI SEAWATER NORWAY AS,,,PENDING,,,,
SP-2024-001657,2024-11-05T08:12:11.833Z,PROCESSED,CO_LOCATION_APPLICATION,STILLE S,956876354,TROLAND LAKSEOPPDRETT AS,,,PENDING,,,,
SP-2024-001658,2024-11-06T12:11:44.606Z,SUBMITTED,CHANGE_SITE,HESTABYNESET,930181528,SJØTROLL HAVBRUK SJØ AS,,,PENDING,,,,
SP-2024-001659,2024-11-06T14:24:39.957Z,PROCESSED,LAND_BASED_AQUACULTURE,Smedvågen II,912381420,AVERØY INDUSTRIPARK AS,,,PENDING,,,,
SP-2024-001660,2024-11-07T14:38:29.051Z,PROCESSED,CHANGE_SITE,LANGØYA KVALØYA,994300474,MÅSØVAL LISENS AS,,,PENDING,,,,
SP-2024-001661,2024-11-08T09:50:11.847Z,PROCESSED,LAND_BASED_AQUACULTURE,Videild,964118191,MOWI ASA,,,PENDING,,,,
SP-2024-001662,2024-11-11T14:59:21.364Z,PROCESSED,CHANGE_SITE,OMMUNDSTEIGEN,838065392,GRIEG SEAFOOD ROGALAND AS,,,PENDING,,,,
SP-2024-001663,2024-11-12T21:56:47.800Z,SUBMITTED,SPECIAL_INTENTION,Søknad om særlige formål,963201230,VESO AS,,,PENDING,,,,
SP-2024-001664,2024-11-12T22:05:33.238Z,SUBMITTED,SPECIAL_INTENTION,Søknad om særlige formål,963201230,VESO AS,,,PENDING,,,,
SP-2024-001665,2024-11-12T22:43:59.336Z,PROCESSED,SPECIAL_INTENTION,Søknad om særlige formål,963201230,VESO AS,,,PENDING,,,,
SP-2024-001666,2024-11-12T22:45:59.125Z,SUBMITTED,SPECIAL_INTENTION,Søknad om særlige formål,963201230,VESO AS,,,PENDING,,,,
SP-2024-001667,2024-11-12T22:48:03.253Z,SUBMITTED,SPECIAL_INTENTION,Søknad om særlige formål,963201230,VESO AS,,,PENDING,,,,
SP-2024-001668,2024-11-12T22:50:16.824Z,SUBMITTED,SPECIAL_INTENTION,Søknad om særlige formål,963201230,VESO AS,,,PENDING,,,,
SP-2024-001669,2024-11-13T11:25:31.645Z,PROCESSED,CO_LOCATION_APPLICATION,KVERHELLESKJERET,923070591,ENGESUND FISKEOPPDRETT AS,,,PENDING,,,,
SP-2024-001670,2024-11-14T10:34:37.165Z,PROCESSED,CHANGE_SITE,VENGSØY,921601123,SJURELV FISKEOPPDRETT AS,,,PENDING,,,,
SP-2024-001671,2024-11-21T10:52:41.120566Z,SUBMITTED,CHANGE_SITE,BLOM,930181528,SJØTROLL HAVBRUK SJØ AS,,,PENDING,,,,
SP-2024-001672,2024-11-21T11:16:14.471812Z,SUBMITTED,CHANGE_SITE,SKAFTÅ,930181528,SJØTROLL HAVBRUK SJØ AS,,,PENDING,,,,
SP-2024-001673,2024-11-22T13:31:55.905166Z,SUBMITTED,LAND_BASED_AQUACULTURE,45116 Tjuin ,937543948,SALMAR SETTEFISK AS,,,PENDING,,,,
SP-2024-001674,2024-11-27T08:11:37.978838Z,SUBMITTED,CHANGE_SITE,SESSØYA,930155179,LERØY AURORA SJØ AS,,,PENDING,,,,
SP-2024-001675,2024-11-27T12:51:59.663319Z,PROCESSED,LAND_BASED_AQUACULTURE,Storevatn,936768148,SOL SMOLT AS,,,PENDING,,,,
SP-2024-001676,2024-11-29T08:34:56.305668Z,PROCESSED,CHANGE_SITE,RINGJA,921668236,MOWI SEAWATER NORWAY AS,,,PENDING,,,,
SP-2024-001677,2024-11-29T13:50:33.405448Z,SUBMITTED,SEA_FARMING,Ydstesteinen,982949025,AEGIR HAVBRUK AS,,,PENDING,,,,
SP-2024-001678,2024-12-02T14:04:55.751354Z,PROCESSED,CHANGE_SITE,VINDVIKA,921668236,MOWI SEAWATER NORWAY AS,,,PENDING,,,,
SP-2024-001679,2024-12-05T09:35:43.727059Z,PROCESSED,CO_LOCATION_APPLICATION,DALSVÅG NV,938354286,EIDESVIK LAKS AS,,,PENDING,,,,
SP-2024-001680,2024-12-06T12:31:00.033365Z,PROCESSED,CO_LOCATION_APPLICATION,DJUPVIK,929911946,NORDLAKS HAVBRUK AS,,,PENDING,,,,
SP-2024-001681,2024-12-06T12:32:46.364112Z,PROCESSED,CO_LOCATION_APPLICATION,LITLEØYA,929911946,NORDLAKS HAVBRUK AS,,,PENDING,,,,
SP-2024-001682,2024-12-06T13:47:16.021075Z,PROCESSED,MINOR_AREA_CHANGES,TOPPSUND V,929911946,NORDLAKS HAVBRUK AS,,,PENDING,,,,
SP-2024-001683,2024-12-08T22:58:46.317441Z,PROCESSED,CO_LOCATION_APPLICATION,OLVIKA,916000030,BENCHMARK GENETICS SALTEN AS,,,PENDING,,,,
SP-2024-001684,2024-12-09T09:43:54.162953Z,PROCESSED,CO_LOCATION_APPLICATION,SEISKJÆRET,827248312,NOVA SEA HAVBRUK AS,,,PENDING,,,,
SP-2024-001685,2024-12-09T10:20:46.094022Z,PROCESSED,LAND_BASED_AQUACULTURE,Strømsnes,936100112,BLOM SETTEFISK AS AVD ASKØY,,,PENDING,,,,
SP-2024-001686,2024-12-09T11:19:03.184325Z,PROCESSED,CHANGE_SITE,NEBBO,914380553,FYLKESNES FISK AS,,,PENDING,,,,
SP-2024-001687,2024-12-11T08:34:32.255604Z,SUBMITTED,CHANGE_SITE,SKJERVØY V,994613405,ARNØY LAKS AS,,,PENDING,,,,
SP-2024-001688,2024-12-11T12:29:05.273888Z,PROCESSED,MINOR_AREA_CHANGES,BJØRGAN,921668236,MOWI SEAWATER NORWAY AS,,,PENDING,,,,
SP-2024-001689,2024-12-11T19:29:54.384163Z,PROCESSED,SPECIAL_INTENTION,Søknad om særlige formål,858000742,FLAKSTADVÅG LAKS AS,,,PENDING,,,,
SP-2024-001690,2024-12-12T13:05:34.135919Z,PROCESSED,CO_LOCATION_APPLICATION,KALSØYFLU,829512572,LANGØYLAKS AS,,,PENDING,,,,
SP-2024-001691,2024-12-12T13:07:11.001625Z,PROCESSED,CO_LOCATION_APPLICATION,EIDHOLMEN,829512572,LANGØYLAKS AS,,,PENDING,,,,
SP-2024-001692,2024-12-12T13:10:03.265580Z,PROCESSED,CO_LOCATION_APPLICATION,KVIKSHOLMEN,829512572,LANGØYLAKS AS,,,PENDING,,,,
SP-2024-001693,2024-12-13T14:28:47.539685Z,PROCESSED,CHANGE_SITE,GUDMUNDSET,994829750,PROPHYLAXIA AS,,,PENDING,,,,
SP-2024-001694,2024-12-16T12:26:54.785350Z,WITHDRAWN,CHANGE_SITE,SØR GÅSVÆR,961288983,SELØY SJØFARM AS,,,PENDING,,,,
SP-2024-001695,2024-12-16T14:42:10.812290Z,PROCESSED,CHANGE_SITE,HERØY,921668236,MOWI SEAWATER NORWAY AS,,,PENDING,,,,
SP-2024-001696,2024-12-16T18:33:47.470784Z,PROCESSED,CO_LOCATION_APPLICATION,LAUKELANDSØYNA,866751242,EIDE FJORDBRUK AS,,,PENDING,,,,
SP-2024-001697,2024-12-17T08:46:16.612448Z,PROCESSED,OTHER_FISH_SPECIES,Sandholmtaren,927985209,KNABBEN UTVIKLING AS,,,PENDING,,,,
SP-2024-001698,2024-12-17T09:08:25.061936Z,PROCESSED,CO_LOCATION_APPLICATION,DUESUND,923070591,ENGESUND FISKEOPPDRETT AS,,,PENDING,,,,
SP-2024-001699,2024-12-17T15:36:37.079353Z,PROCESSED,NEW_SITE,Lyngtaren,929706331,FRØY HAVBRUK AS,,,PENDING,,,,
SP-2024-001700,2024-12-18T08:03:11.560985Z,PROCESSED,CHANGE_SITE,STORVIKA I SKJERSTADFJORDEN,937504446,WENBERG FISKEOPPDRETT AS,,,PENDING,,,,
SP-2024-001701,2024-12-19T10:48:00.115428Z,SUBMITTED,OTHER_FISH_SPECIES,Natterøy,987560835,TUBILAH AS,,,PENDING,,,,
SP-2024-001702,2024-12-19T11:40:46.421576Z,PROCESSED,NEW_SITE,Kjeringeholmen,936678432,FIRDA SJØFARMER AS,,,PENDING,,,,
SP-2024-001703,2024-12-19T11:50:01.446609Z,PROCESSED,NON_FISH_SPECIES,Spro Havn,914725747,MARINREPARATØRENE,,,PENDING,,,,
SP-2024-001704,2024-12-20T09:20:43.641338Z,PROCESSED,CO_LOCATION_APPLICATION,LYNGHOLMEN,936678432,FIRDA SJØFARMER AS,,,PENDING,,,,
SP-2024-001705,2024-12-20T09:22:15.224326Z,PROCESSED,SPECIAL_INTENTION,Søknad om særlige formål,821311632,VESTLAND FYLKESKOMMUNE,,,PENDING,,,,
SP-2024-001706,2024-12-20T09:24:19.046943Z,PROCESSED,CO_LOCATION_APPLICATION,KJERRINGNESET,936678432,FIRDA SJØFARMER AS,,,PENDING,,,,
SP-2024-001707,2024-12-20T11:40:00.787614Z,PROCESSED,CHANGE_SITE,HOSENØYAN,928957489,SALMAR OPPDRETT AS,,,PENDING,,,,
SP-2024-001708,2024-12-20T11:49:39.186294Z,PROCESSED,SPECIAL_INTENTION,Søknad om særlige formål,866751242,EIDE FJORDBRUK AS,,,PENDING,,,,
SP-2024-001709,2024-12-23T07:24:18.140915Z,PROCESSED,CO_LOCATION_APPLICATION,USHOLMSVIKA,939174508,TELAVÅG FISKEOPPDRETT AS,,,PENDING,,,,
SP-2025-001710,2025-01-02T14:27:11.601273Z,SUBMITTED,SPECIAL_INTENTION,Søknad om særlige formål,970422528,UNIVERSITETET I TROMSØ - NORGES ARKTISKE UNIVERSITET,,,PENDING,,,,
SP-2025-001711,2025-01-03T11:46:54.998719Z,SUBMITTED,CHANGE_SITE,SKYSSELVIKA V,937504446,WENBERG FISKEOPPDRETT AS,,,PENDING,,,,
SP-2025-001712,2025-01-08T12:31:32.101831Z,PROCESSED,CO_LOCATION_APPLICATION,LEIRVIK,950912278,GILDESKÅL FORSKNINGSSTASJON AS,,,PENDING,,,,
SP-2025-001713,2025-01-08T12:33:21.564299Z,PROCESSED,CO_LOCATION_APPLICATION,RØSSØYA N,950912278,GILDESKÅL FORSKNINGSSTASJON AS,,,PENDING,,,,
SP-2025-001714,2025-01-13T12:20:04.850033Z,SUBMITTED,CHANGE_SITE,SKJORTNESET II,930773840,HOFSETH SEA FARMING AS,,,PENDING,,,,
SP-2025-001715,2025-01-14T11:57:29.198227Z,PROCESSED,NEW_SITE,Lyngtaren,994300474,MÅSØVAL LISENS AS,,,PENDING,,,,
SP-2025-001716,2025-01-14T13:13:25.700008Z,PROCESSED,CO_LOCATION_APPLICATION,LAUSKLUBBEN,930155179,LERØY AURORA SJØ AS,,,PENDING,,,,
SP-2025-001717,2025-01-15T15:05:18.235656Z,PROCESSED,CO_LOCATION_APPLICATION,ÅNDERKLEIVA,816157382,SALAKS PRODUKSJON AS,,,PENDING,,,,
SP-2025-001718,2025-01-16T11:24:36.864939Z,SUBMITTED,OTHER_FISH_SPECIES,FORSÅ,925155748,KIME AKVA AS,,,PENDING,,,,
SP-2025-001751,2025-01-23T13:21:20.483174Z,PROCESSED,CHANGE_SITE,HONDSKÅR,866751242,EIDE FJORDBRUK AS,,,PENDING,,,,
SP-2025-001752,2025-01-29T14:07:58.077578Z,PROCESSED,CHANGE_SITE,Nordfoldleira I,814439062,FOLLA ALGER AS,,,PENDING,,,,
SP-2025-001785,2025-02-03T12:56:41.445261Z,PROCESSED,CHANGE_SITE,SVOLLANDSNESET,836597702,SEASHORE SJØ AS,,,PENDING,,,,
SP-2025-001786,2025-02-04T10:02:30.904527Z,PROCESSED,CHANGE_SITE,FURENESET,921668236,MOWI SEAWATER NORWAY AS,,,PENDING,,,,
SP-2025-001787,2025-02-04T10:22:55.416992Z,SUBMITTED,OTHER_FISH_SPECIES,Storvika,974526441,NORDIC HALIBUT AS,,,PENDING,,,,
SP-2025-001788,2025-02-04T13:03:03.688862Z,PROCESSED,CHANGE_SITE,OTERHOLMEN I,943609551,LOFOTEN SJØPRODUKTER AS,,,PENDING,,,,
SP-2025-001789,2025-02-05T11:26:17.804630Z,WITHDRAWN,CHANGE_SITE,LØYPINGNESET,921668236,MOWI SEAWATER NORWAY AS,,,PENDING,,,,
SP-2025-001790,2025-02-05T11:38:55.539075Z,PROCESSED,CHANGE_SITE,LØYPINGNESET,921668236,MOWI SEAWATER NORWAY AS,,,PENDING,,,,
SP-2025-001823,2025-02-11T07:27:30.124787Z,PROCESSED,SPECIAL_INTENTION,Søknad om særlige formål,988014036,VIKENCO AS,,,PENDING,,,,
SP-2025-001824,2025-02-11T14:19:53.017436Z,SUBMITTED,OTHER_FISH_SPECIES,Sigmundstadneset,983356494,STERLING WHITE HALIBUT AS,,,PENDING,,,,
SP-2025-001825,2025-02-12T11:25:08.085306Z,SUBMITTED,LAND_BASED_AQUACULTURE,Kleivi,931339931,UPSTREAM AQUA AS,,,PENDING,,,,
SP-2025-001826,2025-02-12T12:43:04.549668Z,SUBMITTED,OTHER_FISH_SPECIES,VASSVIK,983356494,STERLING WHITE HALIBUT AS,,,PENDING,,,,
SP-2025-001827,2025-02-13T20:06:17.944602Z,PROCESSED,CHANGE_SITE,SKØYEN,929911946,NORDLAKS HAVBRUK AS,,,PENDING,,,,
SP-2025-001828,2025-02-18T07:58:33.809939Z,PROCESSED,CO_LOCATION_APPLICATION,KOLØY N,989867202,HARDINGSMOLT AS,,,PENDING,,,,
SP-2025-001829,2025-02-18T11:50:31.857769Z,SUBMITTED,LAND_BASED_AQUACULTURE,10492 Meøypollen,996929922,LOFOTYNGEL AS,,,PENDING,,,,
SP-2025-001830,2025-02-19T10:52:09.365010Z,SUBMITTED,LAND_BASED_AQUACULTURE,Åreneset,919309520,HYEN FISK AS,,,PENDING,,,,
SP-2025-001831,2025-02-21T08:31:55.944848Z,PROCESSED,CO_LOCATION_APPLICATION,KVALØY Ø,941541240,TOMBRE FISKEANLEGG AS,,,PENDING,,,,
SP-2025-001832,2025-02-24T14:11:36.423621Z,WITHDRAWN,SPECIAL_INTENTION,Søknad om særlige formål,964367701,AQUAGEN AS,,,PENDING,,,,
SP-2025-001833,2025-02-25T08:48:11.128967Z,PROCESSED,CHANGE_SITE,KELVESTEINEN,930185698,LERØY VEST SJØ AS,,,PENDING,,,,
SP-2025-001834,2025-02-26T10:29:13.752171Z,PROCESSED,CHANGE_SITE,KASTEVIKA,933312550,EIDE BRANDASUND AS,,,PENDING,,,,
SP-2025-001835,2025-02-27T10:53:52.321906Z,SUBMITTED,SPECIAL_INTENTION,Søknad om særlige formål,988718181,SVANØY HAVBRUK AS,,,PENDING,,,,
SP-2025-001836,2025-03-05T10:54:32.743017Z,PROCESSED,OTHER_FISH_SPECIES,Helsøya II,921211570,AMAR SEAFOOD AS,,,PENDING,,,,
SP-2025-001837,2025-03-05T15:13:25.110932Z,SUBMITTED,SPECIAL_INTENTION,Søknad om særlige formål,923070591,ENGESUND FISKEOPPDRETT AS,,,PENDING,,,,
SP-2025-001838,2025-03-06T12:26:47.050463Z,PROCESSED,CO_LOCATION_APPLICATION,LANGØY,821311632,VESTLAND FYLKESKOMMUNE,,,PENDING,,,,
SP-2025-001839,2025-03-07T08:33:50.027622Z,PROCESSED,CO_LOCATION_APPLICATION,BÅRØY,936678432,FIRDA SJØFARMER AS,,,PENDING,,,,
SP-2025-001840,2025-03-07T08:38:09.222635Z,PROCESSED,CO_LOCATION_APPLICATION,KUØYNA,936678432,FIRDA SJØFARMER AS,,,PENDING,,,,
SP-2025-001842,2025-03-07T08:39:02.618227Z,PROCESSED,CO_LOCATION_APPLICATION,ELVENESET,936678432,FIRDA SJØFARMER AS,,,PENDING,,,,
SP-2025-001843,2025-03-07T08:39:30.006765Z,WITHDRAWN,CO_LOCATION_APPLICATION,GRÅVIKA,936678432,FIRDA SJØFARMER AS,,,PENDING,,,,
SP-2025-001845,2025-03-07T08:40:24.324568Z,PROCESSED,CO_LOCATION_APPLICATION,HYSENESET,936678432,FIRDA SJØFARMER AS,,,PENDING,,,,
SP-2025-001846,2025-03-07T08:40:50.037383Z,PROCESSED,CO_LOCATION_APPLICATION,KJERINGEHOLMEN,936678432,FIRDA SJØFARMER AS,,,PENDING,,,,
SP-2025-001847,2025-03-10T13:28:44.476677Z,SUBMITTED,NEW_SITE,Fornes II,816157382,SALAKS PRODUKSJON AS,,,PENDING,,,,
SP-2025-001848,2025-03-10T14:03:25.125183Z,PROCESSED,CO_LOCATION_APPLICATION,KVANNTONESET,942027672,KLEIVA FISKEFARM AS,,,PENDING,,,,
SP-2025-001849,2025-03-11T13:09:03.117388Z,SUBMITTED,OTHER_FISH_SPECIES,Apalvika-Vinnes,915278043,ELSKA AUSTEVOLL AS,,,PENDING,,,,
SP-2025-001850,2025-03-12T07:41:10.910223Z,WITHDRAWN,LAND_BASED_AQUACULTURE,Rimstad,966840528,SALMAR FARMING AS,,,PENDING,,,,
SP-2025-001852,2025-03-17T08:57:35.259038Z,PROCESSED,LAND_BASED_AQUACULTURE,Rimstad,966840528,SALMAR FARMING AS,,,PENDING,,,,
SP-2025-001853,2025-03-17T13:28:12.466083Z,PROCESSED,CO_LOCATION_APPLICATION,GRÅVIKA,936678432,FIRDA SJØFARMER AS,,,PENDING,,,,
SP-2025-001854,2025-03-18T09:26:55.584139Z,PROCESSED,MINOR_AREA_CHANGES,LAMHOLMEN,918003126,NORSK HAVBRUKSSENTER AS,,,PENDING,,,,
SP-2025-001855,2025-03-18T14:28:10.118970Z,SUBMITTED,SPECIAL_INTENTION,Søknad om særlige formål,898844412,OSLAND GENETICS AS,,,PENDING,,,,
SP-2025-001856,2025-03-21T07:03:28.412469Z,PROCESSED,NEW_SITE,Horn,918462511,TORGHATTEN FARMING AS,,,PENDING,,,,
SP-2025-001857,2025-03-24T13:27:46.162429Z,WITHDRAWN,NEW_SITE,Buarøy ,925795488,ODE AS,,,PENDING,,,,
SP-2025-001858,2025-03-25T14:39:18.778928Z,SUBMITTED,NEW_SITE,Fornes,884141982,BALLANGEN SJØFARM AS,,,PENDING,,,,
SP-2025-001859,2025-03-26T08:29:51.955693Z,PROCESSED,MINOR_AREA_CHANGES,BLOMSØRÅSA,921668236,MOWI SEAWATER NORWAY AS,,,PENDING,,,,
SP-2025-001860,2025-03-28T14:55:40.326045Z,SUBMITTED,CHANGE_SITE,SAGEN 2,886813082,LERØY VEST AS,,,PENDING,,,,
SP-2025-001861,2025-03-31T02:51:18.142685Z,PROCESSED,SPECIAL_INTENTION,Søknad om særlige formål,994046055,ALLER AQUA NORWAY AS,,,PENDING,,,,
SP-2025-001862,2025-03-31T06:47:41.256470Z,SUBMITTED,CO_LOCATION_APPLICATION,SEISKJÆRA,966840528,SALMAR FARMING AS,,,PENDING,,,,
SP-2025-001863,2025-03-31T07:50:15.664124Z,WITHDRAWN,LAND_BASED_AQUACULTURE,Tjeldbergodden Biopark Vest 29616,815276302,TJELDBERGODDEN RENSEFISK AS,,,PENDING,,,,
SP-2025-001864,2025-04-01T11:13:48.593048Z,SUBMITTED,LAND_BASED_AQUACULTURE,Abelsnes,996463052,NORSK OPPDRETTSSERVICE AS,,,PENDING,,,,
SP-2025-001865,2025-04-01T14:25:44.791035Z,SUBMITTED,OTHER_FISH_SPECIES,Buarøya,925795488,ODE AS,,,PENDING,,,,
SP-2025-001866,2025-04-02T05:45:28.678270Z,PROCESSED,CO_LOCATION_APPLICATION,SEISKJÆRET,931064649,HELGELAND LAKS AS,,,PENDING,,,,
SP-2025-001867,2025-04-03T08:40:48.824918Z,WITHDRAWN,CHANGE_SITE,ØRNØYA,928957489,SALMAR OPPDRETT AS,,,PENDING,,,,
SP-2025-001868,2025-04-03T09:17:43.553226Z,PROCESSED,CHANGE_SITE,RATAREN,928957489,SALMAR OPPDRETT AS,,,PENDING,,,,
SP-2025-001869,2025-04-03T11:04:03.027332Z,WITHDRAWN,CHANGE_SITE,KATTHOLMEN,928957489,SALMAR OPPDRETT AS,,,PENDING,,,,
SP-2025-001870,2025-04-03T11:18:08.596208Z,PROCESSED,CHANGE_SITE,KRABBHOLMEN,928957489,SALMAR OPPDRETT AS,,,PENDING,,,,
SP-2025-001871,2025-04-03T11:37:28.647491Z,PROCESSED,CHANGE_SITE,ENGDAL,985848718,LERØY MIDT AS,,,PENDING,,,,
SP-2025-001872,2025-04-04T06:20:44.846700Z,PROCESSED,LAND_BASED_AQUACULTURE,Tjeldbergodden Biopark Vest 29616,815276302,TJELDBERGODDEN RENSEFISK AS,,,PENDING,,,,
SP-2025-001873,2025-04-04T12:44:06.166736Z,SUBMITTED,CHANGE_SITE,LÅDERSKJERA,930367435,GRIEG SEAFOOD NORWAY AS,,,PENDING,,,,
SP-2025-001874,2025-04-07T13:49:36.884136Z,PROCESSED,CATCH_BASED_AQUACULTURE,Mulbukt,995544709,TYSFJORD MARINE FARM AS,,,PENDING,,,,
SP-2025-001875,2025-04-09T09:15:08.047445Z,WITHDRAWN,SPECIAL_INTENTION,Søknad om særlige formål,828764292,HOFSETH AQUA AS,,,PENDING,,,,
SP-2025-001876,2025-04-09T10:46:05.306106Z,PROCESSED,CHANGE_SITE,STEINFLESA,921668236,MOWI SEAWATER NORWAY AS,,,PENDING,,,,
SP-2025-001877,2025-04-09T14:41:40.705436Z,PROCESSED,CO_LOCATION_APPLICATION,SALTSKÅR,866751242,EIDE FJORDBRUK AS,,,PENDING,,,,
SP-2025-001878,2025-04-10T07:35:00.975820Z,PROCESSED,CHANGE_SITE,RINDARØY,988014036,VIKENCO AS,,,PENDING,,,,
SP-2025-001879,2025-04-10T08:39:51.439372Z,SUBMITTED,SPECIAL_INTENTION,Søknad om særlige formål,971045698,ROGALAND FYLKESKOMMUNE,,,PENDING,,,,
SP-2025-001880,2025-04-10T09:20:56.169383Z,PROCESSED,CHANGE_SITE,VINDSVIK,921668236,MOWI SEAWATER NORWAY AS,,,PENDING,,,,
SP-2025-001881,2025-04-10T11:40:34.356274Z,SUBMITTED,LAND_BASED_AQUACULTURE,Bogen,964367701,AQUAGEN AS,,,PENDING,,,,
SP-2025-001882,2025-04-11T07:04:02.622699Z,PROCESSED,CHANGE_SITE,BUKKHOLMEN S,994300474,MÅSØVAL LISENS AS,,,PENDING,,,,
SP-2025-001883,2025-04-11T07:12:10.063678Z,PROCESSED,NEW_SITE,Båskjæra,994300474,MÅSØVAL LISENS AS,,,PENDING,,,,
SP-2025-001884,2025-04-11T13:30:07.095992Z,PROCESSED,NON_FISH_SPECIES,SKARVØYA,937357370,SINTEF OCEAN AS,,,PENDING,,,,
SP-2025-001885,2025-04-14T07:39:00.482975Z,PROCESSED,MINOR_AREA_CHANGES,JAMNUNGEN,821489962,NORCOD AS,,,PENDING,,,,
SP-2025-001886,2025-04-14T10:31:02.973740Z,WITHDRAWN,CHANGE_SITE,ØRNØYA,928957489,SALMAR OPPDRETT AS,,,PENDING,,,,
SP-2025-001887,2025-04-14T12:00:08.793307Z,PROCESSED,SPECIAL_INTENTION,Søknad om særlige formål,994046055,ALLER AQUA NORWAY AS,,,PENDING,,,,
SP-2025-001888,2025-04-15T07:42:10.810560Z,PROCESSED,NON_FISH_SPECIES,Pelvikodden,914725747,MARINREPARATØRENE,,,PENDING,,,,
SP-2025-001889,2025-04-15T07:50:41.948230Z,PROCESSED,NON_FISH_SPECIES,Kadettangen,914725747,MARINREPARATØRENE,,,PENDING,,,,
SP-2025-001890,2025-04-15T08:01:55.322976Z,SUBMITTED,NEW_SITE,Koiøya,930152366,CERMAQ NORWAY SALMON AS,,,PENDING,,,,
SP-2025-001891,2025-04-15T13:48:15.777346Z,PROCESSED,LAND_BASED_AQUACULTURE,28517 Kalvehagen,929363833,SJØTROLL HAVBRUK AS,,,PENDING,,,,
SP-2025-001892,2025-04-22T07:12:40.832532Z,PROCESSED,NON_FISH_SPECIES,Badeparken i Drøbak,914725747,MARINREPARATØRENE,,,PENDING,,,,
SP-2025-001893,2025-04-22T11:42:33.354237Z,SUBMITTED,CHANGE_SITE,STRANDMO,930155179,LERØY AURORA SJØ AS,,,PENDING,,,,
SP-2025-001894,2025-04-23T06:01:15.223259Z,SUBMITTED,OTHER_FISH_SPECIES,Oppmyrbogen,935067081,MULTIGEN GADUS AS,,,PENDING,,,,
SP-2025-001895,2025-04-23T06:31:40.970939Z,WITHDRAWN,CHANGE_SITE,ROGNE,921668236,MOWI SEAWATER NORWAY AS,,,PENDING,,,,
SP-2025-001896,2025-04-23T06:43:33.298212Z,PROCESSED,CHANGE_SITE,ROGNE,921668236,MOWI SEAWATER NORWAY AS,,,PENDING,,,,
SP-2025-001897,2025-04-24T10:49:20.618913Z,SUBMITTED,NEW_SITE,Apalvik,930181528,SJØTROLL HAVBRUK SJØ AS,,,PENDING,,,,
SP-2025-001898,2025-04-24T13:47:08.109072Z,RETURNED,NEW_SITE,Buøya Øst,931064649,HELGELAND LAKS AS,,,PENDING,,,,
SP-2025-001899,2025-04-25T11:54:45.389429Z,SUBMITTED,OTHER_FISH_SPECIES,Oppmyrbogen,998030919,VESTERÅLEN HAVBRUK AS,,,PENDING,,,,
SP-2025-001900,2025-04-25T16:36:18.609149Z,SUBMITTED,SEA_FARMING,Havstein Nordøst,934244796,NORDIC SCALLOPS AS,,,PENDING,,,,
SP-2025-001901,2025-04-25T16:53:49.224208Z,SUBMITTED,SEA_FARMING,Ramnøya vest,934244796,NORDIC SCALLOPS AS,,,PENDING,,,,
SP-2025-001902,2025-04-29T19:48:23.446221Z,PROCESSED,NON_FISH_SPECIES,Kvannholman,915478948,LOFOTEN BLUE HARVEST AS,,,PENDING,,,,
SP-2025-001903,2025-05-02T14:13:48.956677Z,SUBMITTED,NEW_SITE,Båråsa,921668236,MOWI SEAWATER NORWAY AS,,,PENDING,,,,
SP-2025-001904,2025-05-04T10:24:53.987933Z,SUBMITTED,NON_FISH_SPECIES,Innerbukta,993326852,PLANKTONIC AS,,,PENDING,,,,
SP-2025-001905,2025-05-05T11:37:53.330992Z,PROCESSED,CHANGE_SITE,HALLARVIK,836881362,AS KNUTSHAUGFISK,,,PENDING,,,,
SP-2025-001906,2025-05-05T20:21:40.976087Z,PROCESSED,CO_LOCATION_APPLICATION,TERNSKJÆRET II,966840528,SALMAR FARMING AS,,,PENDING,,,,
SP-2025-001907,2025-05-06T13:03:12.345849Z,SUBMITTED,CHANGE_SITE,SALANGSLIA,816157382,SALAKS PRODUKSJON AS,,,PENDING,,,,
SP-2025-001908,2025-05-06T13:30:39.356552Z,SUBMITTED,NEW_SITE,Lokalitet Røssholmen,919881941,ASTAFJORD OCEAN SALMON AS,,,PENDING,,,,
SP-2025-001909,2025-05-07T07:12:42.693331Z,WITHDRAWN,CHANGE_SITE,KATTHOLMEN,928957489,SALMAR OPPDRETT AS,,,PENDING,,,,
SP-2025-001910,2025-05-07T07:38:48.843045Z,WITHDRAWN,CHANGE_SITE,KATTHOLMEN,928957489,SALMAR OPPDRETT AS,,,PENDING,,,,
SP-2025-001911,2025-05-07T12:33:34.779770Z,PROCESSED,CO_LOCATION_APPLICATION,VINDSNES,828764292,HOFSETH AQUA AS,,,PENDING,,,,
SP-2025-001912,2025-05-07T12:57:22.428690Z,PROCESSED,CO_LOCATION_APPLICATION,MANGVARDAN,929601610,LOVUNDLAKS SJØ AS,,,PENDING,,,,
SP-2025-001913,2025-05-07T13:01:31.230567Z,PROCESSED,CO_LOCATION_APPLICATION,MANGVARDAN,929601610,LOVUNDLAKS SJØ AS,,,PENDING,,,,
SP-2025-001914,2025-05-07T20:51:20.770636Z,PROCESSED,CO_LOCATION_APPLICATION,URDANESET,828764292,HOFSETH AQUA AS,,,PENDING,,,,
SP-2025-001915,2025-05-07T20:57:23.856678Z,PROCESSED,CO_LOCATION_APPLICATION,OVERÅNESET,828764292,HOFSETH AQUA AS,,,PENDING,,,,
SP-2025-001916,2025-05-07T21:05:55.501584Z,PROCESSED,CO_LOCATION_APPLICATION,SKJORTNESET II,828764292,HOFSETH AQUA AS,,,PENDING,,,,
SP-2025-001917,2025-05-08T19:19:20.918262Z,PROCESSED,CHANGE_SITE,TOSKA N,960900626,LINGALAKS AS,,,PENDING,,,,
SP-2025-001918,2025-05-09T10:07:30.440598Z,PROCESSED,CHANGE_SITE,FORNES,929911946,NORDLAKS HAVBRUK AS,,,PENDING,,,,
SP-2025-001919,2025-05-09T12:01:09.601012Z,PROCESSED,CO_LOCATION_APPLICATION,LAHOLMEN,930367435,GRIEG SEAFOOD NORWAY AS,,,PENDING,,,,
SP-2025-001920,2025-05-09T12:11:31.646427Z,PROCESSED,CO_LOCATION_APPLICATION,SARNES,930367435,GRIEG SEAFOOD NORWAY AS,,,PENDING,,,,
SP-2025-001921,2025-05-12T08:54:22.889516Z,PROCESSED,CHANGE_SITE,SVÅSANDNESET,921668236,MOWI SEAWATER NORWAY AS,,,PENDING,,,,
SP-2025-001922,2025-05-15T07:07:14.198686Z,SUBMITTED,CHANGE_SITE,STORVIKA I SKJERSTADFJORDEN,937504446,WENBERG FISKEOPPDRETT AS,,,PENDING,,,,
SP-2025-001923,2025-05-16T11:59:03.953590Z,WITHDRAWN,CHANGE_SITE,LITLEØYA,993505005,AKVAKULTUR I VESTERÅLEN AS,,,PENDING,,,,
SP-2025-001924,2025-05-19T10:49:46.672620Z,SUBMITTED,OTHER_FISH_SPECIES,Segelnes,925155748,KIME AKVA AS,,,PENDING,,,,
SP-2025-001925,2025-05-19T13:37:15.054794Z,PROCESSED,CHANGE_SITE,YSTADNESET,914725739,NORDSJØ FJORDBRUK AS,,,PENDING,,,,
SP-2025-001926,2025-05-20T11:37:49.676484Z,PROCESSED,CHANGE_SITE,MORTENØY,921668236,MOWI SEAWATER NORWAY AS,,,PENDING,,,,
SP-2025-001927,2025-05-20T13:01:32.940654Z,PROCESSED,CHANGE_SITE,NORDRE SKOKKELØY,932186497,BJØRØYA AS,,,PENDING,,,,
SP-2025-001928,2025-05-23T10:27:17.717213Z,PROCESSED,MINOR_AREA_CHANGES,STORVIKA V,928957489,SALMAR OPPDRETT AS,,,PENDING,,,,
SP-2025-001929,2025-05-23T12:25:21.779433Z,PROCESSED,CO_LOCATION_APPLICATION,KALHAG,989278835,NOFIMA AS,,,PENDING,,,,
SP-2025-001930,2025-05-26T13:35:19.271075Z,SUBMITTED,MINOR_AREA_CHANGES,MEFALDSKJÆRET,921668236,MOWI SEAWATER NORWAY AS,,,PENDING,,,,
SP-2025-001931,2025-05-28T13:44:03.460154Z,PROCESSED,NEW_SITE,Hamnøya,994300474,MÅSØVAL LISENS AS,,,PENDING,,,,
SP-2025-001932,2025-05-30T07:30:12.795659Z,SUBMITTED,SPECIAL_INTENTION,Søknad om særlige formål,930152366,CERMAQ NORWAY SALMON AS,,,PENDING,,,,
SP-2025-001933,2025-06-02T08:20:42.224893Z,PROCESSED,SPECIAL_INTENTION,Søknad om særlige formål,930155179,LERØY AURORA SJØ AS,,,PENDING,,,,
SP-2025-001966,2025-06-06T07:27:51.840412Z,SUBMITTED,MINOR_AREA_CHANGES,KVITFLOGET,928957489,SALMAR OPPDRETT AS,,,PENDING,,,,
SP-2025-001967,2025-06-06T08:04:53.851952Z,RETURNED,LAND_BASED_AQUACULTURE,Ræstad,996463052,NORSK OPPDRETTSSERVICE AS,,,PENDING,,,,
SP-2025-001968,2025-06-06T10:56:21.155880Z,SUBMITTED,CHANGE_SITE,FURNESET,928957489,SALMAR OPPDRETT AS,,,PENDING,,,,
SP-2025-001969,2025-06-10T08:02:29.216222Z,PROCESSED,CHANGE_SITE,AUSTNESTÅA,988718181,SVANØY HAVBRUK AS,,,PENDING,,,,
SP-2025-001970,2025-06-13T06:19:18.364097Z,RETURNED,OTHER_FISH_SPECIES,Storhestvika,919228288,CODFARM AS,,,PENDING,,,,
SP-2025-001971,2025-06-13T07:15:11.858317Z,PROCESSED,CHANGE_SITE,BRENNHOLMEN,937875312,KOBBVÅGLAKS AS,,,PENDING,,,,
SP-2025-001972,2025-06-13T12:25:40.455014Z,PROCESSED,CO_LOCATION_APPLICATION,SKARVESTEIN,985940460,LERØY AURORA AS,,,PENDING,,,,
SP-2025-001973,2025-06-16T08:00:45.910643Z,SUBMITTED,OTHER_FISH_SPECIES,Ramnbergvika,919228288,CODFARM AS,,,PENDING,,,,
SP-2025-001974,2025-06-16T08:06:23.274447Z,PROCESSED,LAND_BASED_AQUACULTURE,Tømmervåg,814911632,LUMARINE AS,,,PENDING,,,,
SP-2025-001975,2025-06-16T10:35:08.483404Z,PROCESSED,CHANGE_SITE,STRAUMNESET,966451238,ERKO SEAFOOD AS,,,PENDING,,,,
SP-2025-001976,2025-06-16T18:26:49.114546Z,PROCESSED,CO_LOCATION_APPLICATION,BONDØYA,966840528,SALMAR FARMING AS,,,PENDING,,,,
SP-2025-001977,2025-06-16T18:33:07.709565Z,PROCESSED,CO_LOCATION_APPLICATION,TERNSKJÆRET II,966840528,SALMAR FARMING AS,,,PENDING,,,,
SP-2025-001978,2025-06-16T18:45:22.413053Z,PROCESSED,CO_LOCATION_APPLICATION,KORSNESET,984027958,NEKTON HAVBRUK AS,,,PENDING,,,,
SP-2025-001979,2025-06-16T18:49:02.193928Z,PROCESSED,CO_LOCATION_APPLICATION,KVITHOLMEN,984027958,NEKTON HAVBRUK AS,,,PENDING,,,,
SP-2025-001980,2025-06-17T11:02:29.403538Z,SUBMITTED,SPECIAL_INTENTION,Søknad om særlige formål,914380553,FYLKESNES FISK AS,,,PENDING,,,,
SP-2025-001981,2025-06-18T07:11:16.093285Z,SUBMITTED,NEW_SITE,Stortorgnes,921668236,MOWI SEAWATER NORWAY AS,,,PENDING,,,,
SP-2025-001982,2025-06-18T10:10:09.027874Z,RETURNED,NON_FISH_SPECIES,Skjæret Nord - Dyrøy kommune 5420 VA 07,935028000,SKÅNOR AS,,,PENDING,,,,
SP-2025-001983,2025-06-19T12:26:23.712299Z,SUBMITTED,CHANGE_SITE,BÅSEN,926968955,SINKABERG HAVBRUK AS,,,PENDING,,,,
SP-2025-001984,2025-06-20T06:39:57.962159Z,SUBMITTED,NEW_SITE,Selvågneset,997411781,FREMSKRIDT LAKS AS,,,PENDING,,,,
SP-2025-001985,2025-06-21T08:28:45.084793Z,SUBMITTED,CHANGE_SITE,GRØNSET,974526441,NORDIC HALIBUT AS,,,PENDING,,,,
SP-2025-001986,2025-06-21T10:00:03.093196Z,PROCESSED,OTHER_FISH_SPECIES,Dromnessundet,974526441,NORDIC HALIBUT AS,,,PENDING,,,,
SP-2025-001987,2025-06-24T11:19:20.657122Z,PROCESSED,CO_LOCATION_APPLICATION,SKARVFJELL,985940460,LERØY AURORA AS,,,PENDING,,,,
SP-2025-001988,2025-06-24T12:12:26.876857Z,SUBMITTED,LAND_BASED_AQUACULTURE,Sjølseng,989278835,NOFIMA AS,,,PENDING,,,,
SP-2025-001989,2025-06-25T09:53:11.813129Z,PROCESSED,CO_LOCATION_APPLICATION,HAVSTEIN SØR,976253744,LETSEA AS,,,PENDING,,,,
SP-2025-002022,2025-06-26T08:13:04.976544Z,SUBMITTED,SPECIAL_INTENTION,Søknad om særlige formål,966840528,SALMAR FARMING AS,,,PENDING,,,,
SP-2025-002023,2025-06-27T11:19:54.947664Z,SUBMITTED,OTHER_FISH_SPECIES,Vorfjorden,935067081,MULTIGEN GADUS AS,,,PENDING,,,,
SP-2025-002024,2025-06-30T09:24:31.287408Z,PROCESSED,CO_LOCATION_APPLICATION,ORHOLMEN,944183779,MØRE OG ROMSDAL FYLKESKOMMUNE,,,PENDING,,,,
SP-2025-002025,2025-07-01T10:23:26.092431Z,PROCESSED,LAND_BASED_AQUACULTURE,45177 Mongstad,928786994,ABP AQUA MONGSTAD AS,,,PENDING,,,,
SP-2025-002026,2025-07-02T05:41:28.373777Z,PROCESSED,CHANGE_SITE,ØRNØYA,928957489,SALMAR OPPDRETT AS,,,PENDING,,,,
SP-2025-002027,2025-07-03T09:20:51.597185Z,PROCESSED,CHANGE_SITE,KATTHOLMEN,928957489,SALMAR OPPDRETT AS,,,PENDING,,,,
SP-2025-002028,2025-07-04T12:31:23.196249Z,SUBMITTED,SPECIAL_INTENTION,LOFOTEN SJØPRODUKTER AS,943609551,LOFOTEN SJØPRODUKTER AS,,,PENDING,,,,
SP-2025-002029,2025-07-11T07:34:40.705319Z,PROCESSED,SPECIAL_INTENTION,SALAKS SLAKTERI AS,921896417,SALAKS SLAKTERI AS,,,PENDING,,,,
SP-2025-002030,2025-07-11T09:08:10.029810Z,PROCESSED,CO_LOCATION_APPLICATION,GARVIK,866751242,EIDE FJORDBRUK AS,,,PENDING,,,,
SP-2025-002031,2025-07-15T11:15:30.321090Z,PROCESSED,SPECIAL_INTENTION,GRIEG SEAFOOD ROGALAND AS,838065392,GRIEG SEAFOOD ROGALAND AS,,,PENDING,,,,
SP-2025-002032,2025-07-18T11:31:08.444100Z,WITHDRAWN,CO_LOCATION_APPLICATION,STORSKJERET,963201230,VESO AS,,,PENDING,,,,
SP-2025-002033,2025-07-18T12:01:41.042674Z,PROCESSED,CO_LOCATION_APPLICATION,STORSKJERET,963201230,VESO AS,,,PENDING,,,,
SP-2025-002034,2025-07-21T11:16:55.862237Z,WITHDRAWN,SPECIAL_INTENTION,FLAKSTADVÅG LAKS AS,858000742,FLAKSTADVÅG LAKS AS,,,PENDING,,,,
SP-2025-002035,2025-07-21T11:24:02.698440Z,PROCESSED,SPECIAL_INTENTION,FLAKSTADVÅG LAKS AS,858000742,FLAKSTADVÅG LAKS AS,,,PENDING,,,,
SP-2025-002036,2025-07-22T11:00:28.655658Z,SUBMITTED,NON_FISH_SPECIES,Småskjæran,927116758,BACASSA SEAWEED AS,,,PENDING,,,,
SP-2025-002037,2025-07-22T13:39:30.231388Z,SUBMITTED,NON_FISH_SPECIES,Svinvika,993326852,PLANKTONIC AS,,,PENDING,,,,
SP-2025-002038,2025-07-23T08:02:57.525247Z,SUBMITTED,NON_FISH_SPECIES,Lianeset,919116617,PRONOFA MØRE AS,,,PENDING,,,,
SP-2025-002039,2025-07-23T08:33:18.455592Z,RETURNED,NEW_SITE,Skjellnes,988365777,GRATANGLAKS AS,,,PENDING,,,,
SP-2025-002040,2025-07-31T10:22:19.651176Z,PROCESSED,NON_FISH_SPECIES,Slåtterøya,921216203,EQUIMAR AS,,,PENDING,,,,
SP-2025-002041,2025-07-31T10:56:59.068233Z,PROCESSED,CO_LOCATION_APPLICATION,HISDALEN,941541240,TOMBRE FISKEANLEGG AS,,,PENDING,,,,
SP-2025-002042,2025-07-31T14:52:19.681601Z,SUBMITTED,LAND_BASED_AQUACULTURE,Myklebust,928487423,OCEAN GEM AS,,,PENDING,,,,
SP-2025-002043,2025-07-31T14:55:54.023671Z,SUBMITTED,LAND_BASED_AQUACULTURE,Myklebust,928487423,OCEAN GEM AS,,,PENDING,,,,
SP-2025-002044,2025-08-05T10:06:47.121838Z,SUBMITTED,MINOR_AREA_CHANGES,ISTERVIKA,921668236,MOWI SEAWATER NORWAY AS,,,PENDING,,,,
SP-2025-002045,2025-08-07T06:25:03.979021Z,PROCESSED,CO_LOCATION_APPLICATION,KALSØYFLU,914380553,FYLKESNES FISK AS,,,PENDING,,,,
SP-2025-002046,2025-08-07T14:11:49.053832Z,PROCESSED,CO_LOCATION_APPLICATION,SLØNGA,929601610,LOVUNDLAKS SJØ AS,,,PENDING,,,,
SP-2025-002047,2025-08-11T07:59:26.838340Z,WITHDRAWN,CO_LOCATION_APPLICATION,HOSENØYAN,983506925,BENCHMARK GENETICS NORWAY AS,,,PENDING,,,,
SP-2025-002048,2025-08-11T08:00:29.851772Z,WITHDRAWN,CO_LOCATION_APPLICATION,REIRÅKLAKKEN,983506925,BENCHMARK GENETICS NORWAY AS,,,PENDING,,,,
SP-2025-002049,2025-08-11T08:02:43.816217Z,PROCESSED,CO_LOCATION_APPLICATION,ANDHOLMEN 1,983506925,BENCHMARK GENETICS NORWAY AS,,,PENDING,,,,
SP-2025-002050,2025-08-11T08:06:42.365251Z,WITHDRAWN,CO_LOCATION_APPLICATION,RATAREN,983506925,BENCHMARK GENETICS NORWAY AS,,,PENDING,,,,
SP-2025-002051,2025-08-15T08:02:53.888608Z,WITHDRAWN,CO_LOCATION_MESSAGE,DAUMANNSVIKA,937504446,WENBERG FISKEOPPDRETT AS,,,PENDING,,,,
SP-2025-002052,2025-08-15T08:04:17.017515Z,WITHDRAWN,CO_LOCATION_MESSAGE,SKYSSELVIKA V,937504446,WENBERG FISKEOPPDRETT AS,,,PENDING,,,,
SP-2025-002053,2025-08-15T08:05:39.498465Z,WITHDRAWN,CO_LOCATION_MESSAGE,ØKSENGÅRD,937504446,WENBERG FISKEOPPDRETT AS,,,PENDING,,,,
SP-2025-002054,2025-08-15T08:06:46.915280Z,WITHDRAWN,CO_LOCATION_MESSAGE,LEIVSETHAMRAN,937504446,WENBERG FISKEOPPDRETT AS,,,PENDING,,,,
SP-2025-002055,2025-08-15T08:07:43.629520Z,WITHDRAWN,CO_LOCATION_MESSAGE,STORVIKA I SKJERSTADFJORDEN,937504446,WENBERG FISKEOPPDRETT AS,,,PENDING,,,,
SP-2025-002056,2025-08-15T08:08:40.176747Z,WITHDRAWN,CO_LOCATION_MESSAGE,HUNDHOLMEN,937504446,WENBERG FISKEOPPDRETT AS,,,PENDING,,,,
SP-2025-002057,2025-08-15T11:55:28.902685Z,SUBMITTED,NEW_SITE,Levringen,994300474,MÅSØVAL LISENS AS,,,PENDING,,,,
SP-2025-002058,2025-08-15T12:00:01.043251Z,SUBMITTED,SPECIAL_INTENTION,SVANØY HAVBRUK AS,988718181,SVANØY HAVBRUK AS,,,PENDING,,,,
SP-2025-002059,2025-08-15T12:47:55.183571Z,PROCESSED,CHANGE_SITE,GRØTTINGSØY,921668236,MOWI SEAWATER NORWAY AS,,,PENDING,,,,
SP-2025-002060,2025-08-18T08:22:18.743788Z,PROCESSED,CHANGE_SITE,DAUMANNSVIKA,947038877,EDELFARM AS,,,PENDING,,,,
SP-2025-002061,2025-08-19T13:22:41.020474Z,PROCESSED,CO_LOCATION_APPLICATION,NORDBOTNET,827248312,NOVA SEA HAVBRUK AS,,,PENDING,,,,
SP-2025-002062,2025-08-19T13:27:55.253122Z,PROCESSED,CO_LOCATION_APPLICATION,SKOGSHOLMEN,827248312,NOVA SEA HAVBRUK AS,,,PENDING,,,,
SP-2025-002063,2025-08-22T13:35:36.270479Z,SUBMITTED,CHANGE_SITE,DJUPEVIK,921668236,MOWI SEAWATER NORWAY AS,,,PENDING,,,,
SP-2025-002064,2025-08-25T08:18:37.558741Z,PROCESSED,CO_LOCATION_APPLICATION,BONDØYA,983506925,BENCHMARK GENETICS NORWAY AS,,,PENDING,,,,
SP-2025-002065,2025-08-25T08:44:10.419411Z,PROCESSED,CO_LOCATION_APPLICATION,KLUNGSET,983506925,BENCHMARK GENETICS NORWAY AS,,,PENDING,,,,
SP-2025-002066,2025-08-25T08:44:15.285893Z,PROCESSED,CO_LOCATION_APPLICATION,GJERDINGA,983506925,BENCHMARK GENETICS NORWAY AS,,,PENDING,,,,
SP-2025-002067,2025-08-25T08:44:19.569892Z,PROCESSED,CO_LOCATION_APPLICATION,KRÅKØYA,983506925,BENCHMARK GENETICS NORWAY AS,,,PENDING,,,,
SP-2025-002068,2025-08-25T08:44:23.492440Z,SUBMITTED,CO_LOCATION_APPLICATION,VARHOLMEN,983506925,BENCHMARK GENETICS NORWAY AS,,,PENDING,,,,
SP-2025-002069,2025-08-29T13:30:54.230050Z,PROCESSED,SPECIAL_INTENTION_SITE_CLEARANCE,Lokalitetsklarering,916784430,DRIVA AQUACULTURE AS,,,PENDING,,,,
SP-2025-002070,2025-09-01T11:26:26.496349Z,SUBMITTED,LAND_BASED_AQUACULTURE,RØYKLIBOTN,958438370,NEPTUN SALMO AS,,,PENDING,,,,
SP-2025-002071,2025-09-03T08:31:27.104475Z,SUBMITTED,OTHER_FISH_SPECIES,Korsfura,974526441,NORDIC HALIBUT AS,,,PENDING,,,,
SP-2025-002072,2025-09-04T13:01:19.176945Z,SUBMITTED,LAND_BASED_AQUACULTURE,Utkast 4101,991193332,NORDLAKS SMOLT AS,,,PENDING,,,,
SP-2025-002073,2025-09-04T19:32:32.624587Z,SUBMITTED,CHANGE_SITE,ISANE,866751242,EIDE FJORDBRUK AS,,,PENDING,,,,
SP-2025-002074,2025-09-05T11:33:47.433285Z,SUBMITTED,NEW_SITE,Bolværet,918462511,TORGHATTEN FARMING AS,,,PENDING,,,,
SP-2025-002075,2025-09-09T08:42:52.918211Z,WITHDRAWN,SPECIAL_INTENTION,NAMDAL SETTEFISK AS,987245069,NAMDAL SETTEFISK AS,,,PENDING,,,,
SP-2025-002076,2025-09-09T11:30:04.547046Z,SUBMITTED,LAND_BASED_AQUACULTURE,LAUVSNES,864943632,FLATANGER SETTEFISK AS,,,PENDING,,,,
SP-2025-002077,2025-09-15T10:56:30.371498Z,SUBMITTED,NON_FISH_SPECIES,Sørfonden Slipp - Padda ,926824090,MAREA,,,PENDING,,,,
SP-2025-002078,2025-09-16T13:57:38.260987Z,PROCESSED,CO_LOCATION_APPLICATION,SKORVA,931887750,FLOKENES FISKEFARM AS,,,PENDING,,,,
SP-2025-002079,2025-09-17T09:56:55.099451Z,SUBMITTED,CHANGE_SITE,OKSØY,930152366,CERMAQ NORWAY SALMON AS,,,PENDING,,,,
SP-2025-002080,2025-09-18T10:25:28.628517Z,SUBMITTED,NEW_SITE,Øyfjorden,921668236,MOWI SEAWATER NORWAY AS,,,PENDING,,,,
SP-2025-002081,2025-09-19T06:45:15.816196Z,RETURNED,SPECIAL_INTENTION_SITE_CLEARANCE,Lokalitetsklarering,926924192,WILLIKSEN INDUSTRI AS,,,PENDING,,,,
SP-2025-002082,2025-09-19T08:55:15.380537Z,SUBMITTED,NON_FISH_SPECIES,Rødskjær N,926501836,PRONOFA ASA,,,PENDING,,,,
SP-2025-002083,2025-09-22T13:16:51.111795Z,PROCESSED,CHANGE_SITE,MULNESODDEN,921668236,MOWI SEAWATER NORWAY AS,,,PENDING,,,,
SP-2025-002084,2025-09-22T13:31:27.964444Z,SUBMITTED,SPECIAL_INTENTION,GRIEG SEAFOOD ROGALAND AS,838065392,GRIEG SEAFOOD ROGALAND AS,,,PENDING,,,,
SP-2025-002085,2025-09-23T10:49:11.622778Z,PROCESSED,MINOR_AREA_CHANGES,HELLERFLESA,932186497,BJØRØYA AS,,,PENDING,,,,
SP-2025-002086,2025-09-23T12:54:45.488580Z,SUBMITTED,CHANGE_SITE,KVITEBERG,921668236,MOWI SEAWATER NORWAY AS,,,PENDING,,,,
SP-2025-002087,2025-09-23T12:55:01.565334Z,SUBMITTED,CHANGE_SITE,ROGNDALEN,921601123,SJURELV FISKEOPPDRETT AS,,,PENDING,,,,
SP-2025-002088,2025-09-24T08:15:58.349693Z,PROCESSED,CO_LOCATION_MESSAGE,SEISKJÆRA,928957489,SALMAR OPPDRETT AS,,,PENDING,,,,
SP-2025-002089,2025-09-25T09:36:32.488610Z,SUBMITTED,CHANGE_SITE,STORVIKA III,816157382,SALAKS PRODUKSJON AS,,,PENDING,,,,
SP-2025-002090,2025-09-26T10:11:31.113934Z,SUBMITTED,CHANGE_SITE,GISLØY S,930152366,CERMAQ NORWAY SALMON AS,,,PENDING,,,,
SP-2025-002091,2025-09-26T14:02:40.224522Z,WITHDRAWN,CHANGE_SITE,SKÅLSVIKA,827248312,NOVA SEA HAVBRUK AS,,,PENDING,,,,
SP-2025-002092,2025-09-29T11:16:25.266730Z,PROCESSED,CO_LOCATION_APPLICATION,OTERSTEGDALEN,930391328,AS BOLAKS,,,PENDING,,,,
SP-2025-002093,2025-09-29T13:39:50.566596Z,SUBMITTED,NON_FISH_SPECIES,Kraknes Nord ,928608409,OCEANFOOD AS,,,PENDING,,,,
SP-2025-002094,2025-10-01T09:01:29.070480Z,WITHDRAWN,CO_LOCATION_APPLICATION,LAMØYA,929706331,FRØY HAVBRUK AS,,,PENDING,,,,
SP-2025-002095,2025-10-01T09:06:46.852167Z,PROCESSED,CO_LOCATION_APPLICATION,LANGTAREN,929706331,FRØY HAVBRUK AS,,,PENDING,,,,
SP-2025-002096,2025-10-01T09:09:39.830377Z,PROCESSED,CO_LOCATION_APPLICATION,HEGGESET,929706331,FRØY HAVBRUK AS,,,PENDING,,,,
SP-2025-002097,2025-10-01T13:01:40.991492Z,SUBMITTED,CHANGE_SITE,KOLVIKODDEN Ø,943609551,LOFOTEN SJØPRODUKTER AS,,,PENDING,,,,
SP-2025-002098,2025-10-01T13:35:48.660389Z,PROCESSED,CO_LOCATION_APPLICATION,KLAMPVIKA N,937357370,SINTEF OCEAN AS,,,PENDING,,,,
SP-2025-002099,2025-10-02T10:36:54.863323Z,RETURNED,SEA_FARMING,Jarnholmen,936147224,NORDIC SCALLOPS OSEN AS,,,PENDING,,,,
SP-2025-002100,2025-10-02T10:49:42.094946Z,RETURNED,SEA_FARMING,Grunnefjorden Sørøst,936147038,NORDIC SCALLOPS AUKRA AS,,,PENDING,,,,
SP-2025-002101,2025-10-02T10:51:50.969628Z,RETURNED,SEA_FARMING,Grunnefjorden Nord,936147038,NORDIC SCALLOPS AUKRA AS,,,PENDING,,,,
SP-2025-002102,2025-10-03T16:38:25.301689Z,SUBMITTED,MINOR_AREA_CHANGES,Varpet,827248312,NOVA SEA HAVBRUK AS,,,PENDING,,,,
SP-2025-002103,2025-10-06T07:57:53.076410Z,SUBMITTED,NEW_SITE,Esøya,918462511,TORGHATTEN FARMING AS,,,PENDING,,,,
SP-2025-002104,2025-10-06T09:25:43.254942Z,PROCESSED,SPECIAL_INTENTION,SVANØY HAVBRUK AS,988718181,SVANØY HAVBRUK AS,,,PENDING,,,,
SP-2025-002105,2025-10-08T06:06:43.487851Z,PROCESSED,CO_LOCATION_APPLICATION,KALVHYLLA,931064649,HELGELAND LAKS AS,,,PENDING,,,,
SP-2025-002106,2025-10-08T07:13:55.838363Z,SUBMITTED,NEW_SITE,Breivik,921668236,MOWI SEAWATER NORWAY AS,,,PENDING,,,,
SP-2025-002107,2025-10-08T09:06:43.605795Z,SUBMITTED,LAND_BASED_AQUACULTURE,Utsira Kvalvikvågen,928444678,NORWEGIAN MOUNTAIN SALMON AS,,,PENDING,,,,
SP-2025-002108,2025-10-09T06:36:10.629296Z,SUBMITTED,CHANGE_SITE,HØYDALSVIKA,945095016,ØYFISK AS,,,PENDING,,,,
SP-2025-002109,2025-10-09T06:39:06.630078Z,WITHDRAWN,SPECIAL_INTENTION,NORSK HAVBRUKSSENTER AS,918003126,NORSK HAVBRUKSSENTER AS,,,PENDING,,,,
SP-2025-002141,2025-10-09T13:21:35.024079Z,SUBMITTED,CO_LOCATION_APPLICATION,TEKSMONA,921668236,MOWI SEAWATER NORWAY AS,,,PENDING,,,,
SP-2025-002142,2025-10-10T13:32:16.435815Z,PROCESSED,SPECIAL_INTENTION_SITE_CLEARANCE,Lokalitetsklarering,918003126,NORSK HAVBRUKSSENTER AS,,,PENDING,,,,
SP-2025-002143,2025-10-14T06:15:50.532867Z,SUBMITTED,OTHER_FISH_SPECIES,HENDNESET,995292971,PURE NORWEGIAN SEAFOOD AS,,,PENDING,,,,
SP-2025-002144,2025-10-15T08:44:26.855181Z,PROCESSED,CO_LOCATION_APPLICATION,SEISKJÆRET,976253744,LETSEA AS,,,PENDING,,,,
SP-2025-002145,2025-10-15T11:56:12.393171Z,SUBMITTED,NEW_SITE,45128 Røneset ,930773840,HOFSETH SEA FARMING AS,,,PENDING,,,,
SP-2025-002146,2025-10-16T12:12:46.104829Z,PROCESSED,MINOR_AREA_CHANGES,GJERDINGA,926968955,SINKABERG HAVBRUK AS,,,PENDING,,,,
SP-2025-002147,2025-10-17T14:07:04.877149Z,SUBMITTED,SPECIAL_INTENTION_SITE_CLEARANCE,Lokalitetsklarering,980361306,GRIEG SEAFOOD FINNMARK AS,,,PENDING,,,,
SP-2025-002148,2025-10-20T03:45:54.403088Z,SUBMITTED,CO_LOCATION_APPLICATION,OTERVIKA,989041819,VAL SKOLER AS,,,PENDING,,,,
SP-2025-002149,2025-10-20T12:38:43.801774Z,PROCESSED,CO_LOCATION_APPLICATION,DRØNO,914380553,FYLKESNES FISK AS,,,PENDING,,,,
SP-2025-002150,2025-10-21T07:58:11.478592Z,SUBMITTED,OTHER_FISH_SPECIES,Båthella,821489962,NORCOD AS,,,PENDING,,,,
SP-2025-002151,2025-10-22T08:44:53.181922Z,PROCESSED,CO_LOCATION_APPLICATION,KVIKSHOLMEN,956876354,TROLAND LAKSEOPPDRETT AS,,,PENDING,,,,
SP-2025-002152,2025-10-24T06:32:19.910606Z,PROCESSED,CO_LOCATION_APPLICATION,GRUNNSØYA,997152743,E. KARSTENSEN FISKEOPPDRETT AS,,,PENDING,,,,
SP-2025-002153,2025-10-27T08:00:46.545728Z,WITHDRAWN,CO_LOCATION_MESSAGE,LYBERGSVIKA,966840528,SALMAR FARMING AS,,,PENDING,,,,
SP-2025-002154,2025-10-28T12:23:43.155407Z,SUBMITTED,CHANGE_SITE,KALVHYLLA,827248312,NOVA SEA HAVBRUK AS,,,PENDING,,,,
SP-2025-002155,2025-10-28T14:15:39.967028Z,SUBMITTED,CHANGE_SITE,KALVØYA,827248312,NOVA SEA HAVBRUK AS,,,PENDING,,,,
SP-2025-002156,2025-10-29T07:28:05.379380Z,SUBMITTED,SPECIAL_INTENTION,LETSEA AS,976253744,LETSEA AS,,,PENDING,,,,
SP-2025-002157,2025-10-29T10:19:34.036346Z,PROCESSED,CO_LOCATION_APPLICATION,ØRNES,947672134,KVARØY FISKEOPPDRETT A/S,,,PENDING,,,,
SP-2025-002158,2025-10-29T11:52:55.763544Z,SUBMITTED,LAND_BASED_AQUACULTURE,Leines,976253744,LETSEA AS,,,PENDING,,,,
SP-2025-002159,2025-10-29T12:52:52.880867Z,RETURNED,SPECIAL_INTENTION_SITE_CLEARANCE,Lokalitetsklarering,987245069,NAMDAL SETTEFISK AS,,,PENDING,,,,
SP-2025-002160,2025-10-29T13:38:32.397037Z,RETURNED,NEW_SITE,Segelnes,921668236,MOWI SEAWATER NORWAY AS,,,PENDING,,,,
SP-2025-002161,2025-10-29T14:48:04.182398Z,PROCESSED,SPECIAL_INTENTION,SLAKTERIET AS,996679489,SLAKTERIET AS,,,PENDING,,,,
SP-2025-002194,2025-10-30T10:44:25.952435Z,PROCESSED,CO_LOCATION_APPLICATION,STIGVIKA,937504446,WENBERG FISKEOPPDRETT AS,,,PENDING,,,,
SP-2025-002195,2025-10-30T10:45:09.829926Z,PROCESSED,CO_LOCATION_APPLICATION,LEIRVIK,937504446,WENBERG FISKEOPPDRETT AS,,,PENDING,,,,
SP-2025-002196,2025-10-30T10:45:33.298388Z,PROCESSED,CO_LOCATION_APPLICATION,RØSSØYA N,937504446,WENBERG FISKEOPPDRETT AS,,,PENDING,,,,
SP-2025-002197,2025-10-30T10:45:55.401725Z,PROCESSED,CO_LOCATION_APPLICATION,MIDT FEMRIS,937504446,WENBERG FISKEOPPDRETT AS,,,PENDING,,,,
SP-2025-002198,2025-10-30T10:46:26.517541Z,WITHDRAWN,CO_LOCATION_APPLICATION,HALLSTEINHAMN I,937504446,WENBERG FISKEOPPDRETT AS,,,PENDING,,,,
SP-2025-002199,2025-10-30T10:47:19.700046Z,PROCESSED,CO_LOCATION_APPLICATION,STOREVIKA,937504446,WENBERG FISKEOPPDRETT AS,,,PENDING,,,,
SP-2025-002200,2025-10-31T07:04:59.204697Z,PROCESSED,CO_LOCATION_APPLICATION,STOREVIKA,947038877,EDELFARM AS,,,PENDING,,,,
SP-2025-002201,2025-10-31T07:11:49.494652Z,PROCESSED,CO_LOCATION_APPLICATION,MIDT FEMRIS,947038877,EDELFARM AS,,,PENDING,,,,
SP-2025-002202,2025-10-31T07:13:23.618829Z,PROCESSED,CO_LOCATION_APPLICATION,RØSSØYA N,947038877,EDELFARM AS,,,PENDING,,,,
SP-2025-002203,2025-10-31T07:16:14.233141Z,PROCESSED,CO_LOCATION_APPLICATION,LEIRVIK,947038877,EDELFARM AS,,,PENDING,,,,
SP-2025-002204,2025-10-31T07:18:08.176895Z,PROCESSED,CO_LOCATION_APPLICATION,STIGVIKA,947038877,EDELFARM AS,,,PENDING,,,,
SP-2025-002205,2025-10-31T07:30:13.346877Z,SUBMITTED,CO_LOCATION_APPLICATION,STOREVIKA,916917031,SALTEN FOU AS,,,PENDING,,,,
SP-2025-002206,2025-10-31T07:31:48.052331Z,SUBMITTED,CO_LOCATION_APPLICATION,HALLSTEINHAMN I,916917031,SALTEN FOU AS,,,PENDING,,,,
SP-2025-002207,2025-10-31T07:33:44.016912Z,SUBMITTED,CO_LOCATION_APPLICATION,MIDT FEMRIS,916917031,SALTEN FOU AS,,,PENDING,,,,
SP-2025-002208,2025-10-31T07:35:16.030210Z,SUBMITTED,CO_LOCATION_APPLICATION,RØSSØYA N,916917031,SALTEN FOU AS,,,PENDING,,,,
SP-2025-002209,2025-10-31T07:36:37.441092Z,SUBMITTED,CO_LOCATION_APPLICATION,LEIRVIK,916917031,SALTEN FOU AS,,,PENDING,,,,
SP-2025-002210,2025-10-31T07:38:20.184169Z,SUBMITTED,CO_LOCATION_APPLICATION,STIGVIKA,916917031,SALTEN FOU AS,,,PENDING,,,,
SP-2025-002211,2025-10-31T09:37:36.288267Z,SUBMITTED,SPECIAL_INTENTION_SITE_CLEARANCE,Lokalitetsklarering,950912278,GILDESKÅL FORSKNINGSSTASJON AS,,,PENDING,,,,
SP-2025-002212,2025-10-31T11:58:20.602724Z,WITHDRAWN,SPECIAL_INTENTION,POLARFEED AS,825504672,POLARFEED AS,,,PENDING,,,,
SP-2025-002213,2025-10-31T12:25:13.072132Z,SUBMITTED,CHANGE_SITE,HELGENESHAMN,929911946,NORDLAKS HAVBRUK AS,,,PENDING,,,,
SP-2025-002214,2025-10-31T12:29:45.164430Z,SUBMITTED,SPECIAL_INTENTION,POLARFEED AS,825504672,POLARFEED AS,,,PENDING,,,,
SP-2025-002247,2025-11-05T12:27:04.918465Z,PROCESSED,LAND_BASED_AQUACULTURE,TJELDBERGODDEN BIOPARK VEST,815276302,TJELDBERGODDEN RENSEFISK AS,,,PENDING,,,,
SP-2025-002248,2025-11-06T09:52:05.889841Z,PROCESSED,LAND_BASED_AQUACULTURE,KJÆRSUNDET V,897741962,NAMDAL RENSEFISK AS,,,PENDING,,,,
SP-2025-002249,2025-11-07T13:33:05.064043Z,PROCESSED,CO_LOCATION_APPLICATION,SKONSENG,921668236,MOWI SEAWATER NORWAY AS,,,PENDING,,,,
SP-2025-002250,2025-11-11T13:23:06.656811Z,RETURNED,MINOR_AREA_CHANGES,SØRVÆRET,926968955,SINKABERG HAVBRUK AS,,,PENDING,,,,
SP-2025-002251,2025-11-12T07:54:15.692569Z,SUBMITTED,NON_FISH_SPECIES,BRATTFLOGET,993326852,PLANKTONIC AS,,,PENDING,,,,
SP-2025-002252,2025-11-12T08:19:25.667508Z,PROCESSED,CO_LOCATION_APPLICATION,FJORDPRAKKEN,983506925,BENCHMARK GENETICS NORWAY AS,,,PENDING,,,,
SP-2025-002253,2025-11-14T09:33:05.507587Z,PROCESSED,SPECIAL_INTENTION_SITE_CLEARANCE,Lokalitetsklarering,966840528,SALMAR FARMING AS,,,PENDING,,,,
SP-2025-002254,2025-11-14T13:23:13.084835Z,SUBMITTED,CHANGE_SITE,SKÅLSVIKA,827248312,NOVA SEA HAVBRUK AS,,,PENDING,,,,
SP-2025-002255,2025-11-14T13:46:17.441301Z,RETURNED,OTHER_FISH_SPECIES,Toftekalven,983356494,STERLING WHITE HALIBUT AS,,,PENDING,,,,
SP-2025-002288,2025-11-20T10:46:20.837130Z,SUBMITTED,LAND_BASED_AQUACULTURE,FJELLSÆ I,964118191,MOWI ASA,,,PENDING,,,,
SP-2025-002289,2025-11-20T14:27:34.981195Z,PROCESSED,CO_LOCATION_APPLICATION,KVIKSHOLMEN,829512572,LANGØYLAKS AS,,,PENDING,,,,
SP-2025-002290,2025-11-21T08:10:01.535910Z,SUBMITTED,SPECIAL_INTENTION,SEASHORE SJØ AS,836597702,SEASHORE SJØ AS,,,PENDING,,,,
SP-2025-002291,2025-11-24T10:06:50.359682Z,SUBMITTED,OTHER_FISH_SPECIES,LAMHOLMEN,919228288,CODFARM AS,,,PENDING,,,,
SP-2025-002292,2025-11-24T10:12:23.623968Z,SUBMITTED,CO_LOCATION_APPLICATION,LISMÅSØY,983506925,BENCHMARK GENETICS NORWAY AS,,,PENDING,,,,
SP-2025-002293,2025-11-24T13:09:01.138997Z,SUBMITTED,LAND_BASED_AQUACULTURE,Sirevåg Laks,932081393,SIREVÅG LAKS AS,,,PENDING,,,,
SP-2025-002294,2025-11-24T14:31:46.894558Z,SUBMITTED,MINOR_AREA_CHANGES,SLØNGA,929601610,LOVUNDLAKS SJØ AS,,,PENDING,,,,
SP-2025-002295,2025-11-24T21:12:57.268796Z,SUBMITTED,LAND_BASED_AQUACULTURE,Brukstomta,926924214,TERRÅK INDUSTRIPARK AS,,,PENDING,,,,
SP-2025-002296,2025-11-26T14:06:21.366643Z,SUBMITTED,CHANGE_SITE,KASTEVIKA,933312550,EIDE BRANDASUND AS,,,PENDING,,,,
SP-2025-002298,2025-11-30T21:22:43.355219Z,SUBMITTED,OTHER_FISH_SPECIES,Sandholmtaren,821489962,NORCOD AS,,,PENDING,,,,
SP-2025-002331,2025-12-03T10:26:12.232577Z,PROCESSED,SPECIAL_INTENTION_SITE_CLEARANCE,Lokalitetsklarering,933792854,MÅSØVAL AS,,,PENDING,,,,
SP-2025-002332,2025-12-08T08:58:27.855230Z,SUBMITTED,SPECIAL_INTENTION,SALMO INNOVATION AS,915021352,SALMO INNOVATION AS,,,PENDING,,,,
SP-2025-002333,2025-12-12T14:02:20.750333Z,SUBMITTED,CHANGE_SITE,ELVEVIKA,930152366,CERMAQ NORWAY SALMON AS,,,PENDING,,,,
SP-2025-002334,2025-12-12T14:07:54.738169Z,SUBMITTED,LAND_BASED_AQUACULTURE,Tjernagel,933725391,NASJONALT SENTER FOR UTVIKLING AV NYE MARINE OPPDRETTSARTER NUM AS,,,PENDING,,,,
SP-2025-002335,2025-12-15T11:14:48.517473Z,PROCESSED,SPECIAL_INTENTION_SITE_CLEARANCE,Lokalitetsklarering,964367701,AQUAGEN AS,,,PENDING,,,,
SP-2025-002336,2025-12-15T11:17:08.254584Z,PROCESSED,SPECIAL_INTENTION_SITE_CLEARANCE,Lokalitetsklarering,964367701,AQUAGEN AS,,,PENDING,,,,
SP-2025-002337,2025-12-15T13:00:18.660121Z,RETURNED,CO_LOCATION_APPLICATION,FLOTENESET,959473706,AUSTEVOLL MELAKS AS,,,PENDING,,,,
SP-2025-002338,2025-12-16T21:00:36.995485Z,PROCESSED,CO_LOCATION_APPLICATION,GUDMUNDSET,921709218,NORSK EDELFISK HAVBRUK AS,,,PENDING,,,,
SP-2025-002339,2025-12-16T22:53:33.782464Z,WITHDRAWN,NON_FISH_SPECIES,TF-64,925795089,GAMST SHILOVA AS,,,PENDING,,,,
SP-2025-002340,2025-12-17T11:21:29.479796Z,SUBMITTED,NON_FISH_SPECIES,Nordfoldleira I,814439062,FOLLA ALGER AS,,,PENDING,,,,
SP-2025-002341,2025-12-17T11:22:33.207936Z,RETURNED,NON_FISH_SPECIES,VINKFJORDEN ALGE,814439062,FOLLA ALGER AS,,,PENDING,,,,
SP-2025-002342,2025-12-17T11:29:46.232394Z,SUBMITTED,RESEARCH_EXTENSION,Forlengelse av forskningstillatelse,814439062,FOLLA ALGER AS,,,PENDING,,,,
SP-2025-002343,2025-12-18T13:15:40.234095Z,PROCESSED,CO_LOCATION_APPLICATION,STIGVIKA,950912278,GILDESKÅL FORSKNINGSSTASJON AS,,,PENDING,,,,
SP-2025-002344,2025-12-22T10:22:29.724169Z,PROCESSED,SPECIAL_INTENTION,EIDE BRANDASUND AS,933312550,EIDE BRANDASUND AS,,,PENDING,,,,
SP-2025-002345,2025-12-22T14:49:20.937697Z,RETURNED,CHANGE_SITE,SKARVBERGET,858000742,FLAKSTADVÅG LAKS AS,,,PENDING,,,,
SP-2025-002346,2025-12-23T11:02:44.285794Z,PROCESSED,LAND_BASED_AQUACULTURE,ONARHEIM,992259418,ONARHEIM BRUK AS,,,PENDING,,,,
SP-2025-002347,2025-12-23T13:17:35.133768Z,SUBMITTED,OTHER_FISH_SPECIES,FROSVIKA,821489962,NORCOD AS,,,PENDING,,,,
SP-2026-002348,2026-01-02T14:04:11.681080Z,WITHDRAWN,CO_LOCATION_APPLICATION,BREMNESØYA,929535081,HOLMØY HAVBRUK AS,,,PENDING,,,,
SP-2026-002349,2026-01-06T12:44:13.280747Z,SUBMITTED,NEW_SITE,Kasterholmen,930155179,LERØY AURORA SJØ AS,,,PENDING,,,,
SP-2026-002350,2026-01-06T13:03:53.181652Z,SUBMITTED,NEW_SITE,Mattisnes,930155179,LERØY AURORA SJØ AS,,,PENDING,,,,
SP-2026-002351,2026-01-06T13:21:21.837593Z,SUBMITTED,NEW_SITE,Smørvika,930155179,LERØY AURORA SJØ AS,,,PENDING,,,,
SP-2026-002352,2026-01-09T07:12:36.785679Z,WITHDRAWN,SPECIAL_INTENTION,FLAKSTADVÅG LAKS AS,858000742,FLAKSTADVÅG LAKS AS,,,PENDING,,,,
SP-2026-002353,2026-01-09T09:12:42.618038Z,PROCESSED,CO_LOCATION_APPLICATION,MANGVARDAN,929601610,LOVUNDLAKS SJØ AS,,,PENDING,,,,
SP-2026-002386,2026-01-12T14:19:17.005490Z,SUBMITTED,CHANGE_SITE,FLOTENESET,959473706,AUSTEVOLL MELAKS AS,,,PENDING,,,,
SP-2026-002387,2026-01-13T14:19:12.362773Z,SUBMITTED,SPECIAL_INTENTION_SITE_CLEARANCE,Lokalitetsklarering,858000742,FLAKSTADVÅG LAKS AS,,,PENDING,,,,
SP-2026-002388,2026-01-14T12:04:26.185345Z,PROCESSED,SPECIAL_INTENTION,SLAKTERIET BREKKE AS,979598009,SLAKTERIET BREKKE AS,,,PENDING,,,,
SP-2026-002389,2026-01-15T11:09:28.837415Z,PROCESSED,SPECIAL_INTENTION_SITE_CLEARANCE,Lokalitetsklarering,966840528,SALMAR FARMING AS,,,PENDING,,,,
SP-2026-002390,2026-01-16T07:41:20.729156Z,SUBMITTED,CO_LOCATION_APPLICATION,BREMNESØYA,929535081,HOLMØY HAVBRUK AS,,,PENDING,,,,
SP-2026-002391,2026-01-19T11:56:45.675947Z,SUBMITTED,MINOR_AREA_CHANGES,STORBUKT,930155179,LERØY AURORA SJØ AS,,,PENDING,,,,
SP-2026-002392,2026-01-20T14:19:52.936300Z,SUBMITTED,CHANGE_SITE,AUSTVIKA,921668236,MOWI SEAWATER NORWAY AS,,,PENDING,,,,
SP-2026-002393,2026-01-21T12:19:33.517417Z,SUBMITTED,NEW_SITE,Floteneset ,920002218,OSLAND SEAFOOD AS,,,PENDING,,,,
SP-2026-002394,2026-01-27T13:16:02.911623Z,SUBMITTED,CHANGE_SITE,KLIPEN,827248312,NOVA SEA HAVBRUK AS,,,PENDING,,,,
SP-2026-002395,2026-01-27T14:14:08.967824Z,SUBMITTED,LAND_BASED_AQUACULTURE,ADAMSELV,961922976,CERMAQ NORWAY AS,,,PENDING,,,,
SP-2026-002396,2026-01-28T11:37:17.522184Z,SUBMITTED,RESEARCH,Søknad om forskningstillatelse,988718181,SVANØY HAVBRUK AS,,,PENDING,,,,
SP-2026-002397,2026-01-28T15:32:55.102148Z,PROCESSED,CO_LOCATION_APPLICATION,STIGVIKA,952217860,ISQUEEN AS,,,PENDING,,,,
SP-2026-002398,2026-01-29T11:15:43.405582Z,SUBMITTED,RESEARCH,Søknad om forskningstillatelse,928923258,MULTIGEN AKVA AS,,,PENDING,,,,
SP-2026-002399,2026-02-02T07:08:02.992296Z,WITHDRAWN,SPECIAL_INTENTION_SITE_CLEARANCE,Lokalitetsklarering,932186497,BJØRØYA AS,,,PENDING,,,,
SP-2026-002400,2026-02-03T07:22:48.023871Z,SUBMITTED,CHANGE_SITE,SKARVBERGET,858000742,FLAKSTADVÅG LAKS AS,,,PENDING,,,,
SP-2026-002401,2026-02-03T19:35:39.945273Z,SUBMITTED,SPECIAL_INTENTION_SITE_CLEARANCE,Lokalitetsklarering,996679489,SLAKTERIET AS,,,PENDING,,,,
SP-2026-002402,2026-02-04T11:00:03.988447Z,PROCESSED,CO_LOCATION_APPLICATION,DRØNO,956876354,TROLAND LAKSEOPPDRETT AS,,,PENDING,,,,
SP-2026-002403,2026-02-05T14:13:49.198535Z,SUBMITTED,NON_FISH_SPECIES,Slemmestad,948778599,MILJØSTIFTELSEN BELLONA,,,PENDING,,,,
SP-2026-002404,2026-02-05T15:04:26.680773Z,SUBMITTED,NEW_SITE,Skjellnes,988365777,GRATANGLAKS AS,,,PENDING,,,,
SP-2026-002405,2026-02-06T07:57:21.923529Z,SUBMITTED,CHANGE_SITE,LITLEØYA,929911946,NORDLAKS HAVBRUK AS,,,PENDING,,,,
SP-2026-002406,2026-02-06T09:19:02.442787Z,PROCESSED,CO_LOCATION_APPLICATION,FIKSNESET,939174508,TELAVÅG FISKEOPPDRETT AS,,,PENDING,,,,
SP-2026-002407,2026-02-06T13:05:50.668261Z,SUBMITTED,CHANGE_SITE,HESTHOLMEN Ø,935496578,GRIEG SEAFOOD FARMING AS,,,PENDING,,,,
SP-2026-002408,2026-02-09T13:10:21.732386Z,SUBMITTED,NON_FISH_SPECIES,Sandbukta Asker,935080355,HAVSPIRE AS,,,PENDING,,,,
SP-2026-002441,2026-02-12T08:22:19.172616Z,WITHDRAWN,SPECIAL_INTENTION_SITE_CLEARANCE,Lokalitetsklarering,979598009,SLAKTERIET BREKKE AS,,,PENDING,,,,
SP-2026-002442,2026-02-12T11:32:22.585964Z,PROCESSED,CO_LOCATION_APPLICATION,DRØNO,956876354,TROLAND LAKSEOPPDRETT AS,,,PENDING,,,,
SP-2026-002443,2026-02-12T15:32:11.335126Z,SUBMITTED,CHANGE_SITE,DJUPVIK,929911946,NORDLAKS HAVBRUK AS,,,PENDING,,,,
SP-2026-002444,2026-02-17T12:15:41.759465Z,SUBMITTED,CHANGE_SITE,MOVIKODDEN N,947672134,KVARØY FISKEOPPDRETT A/S,,,PENDING,,,,
SP-2026-002445,2026-02-17T14:32:02.549634Z,SUBMITTED,LAND_BASED_AQUACULTURE,Kråkøysundet,930901180,POLAR PRAWNS AS,,,PENDING,,,,
SP-2026-002446,2026-02-17T14:48:37.585080Z,SUBMITTED,NEW_SITE,Kalvøya Midt,943609551,LOFOTEN SJØPRODUKTER AS,,,PENDING,,,,
SP-2026-002447,2026-02-18T13:46:31.318064Z,SUBMITTED,SPECIAL_INTENTION_SITE_CLEARANCE,Lokalitetsklarering,979598009,SLAKTERIET BREKKE AS,,,PENDING,,,,
SP-2026-002448,2026-02-19T10:25:04.679373Z,PROCESSED,SPECIAL_INTENTION_SITE_CLEARANCE,Lokalitetsklarering,964118191,MOWI ASA,,,PENDING,,,,
SP-2026-002449,2026-02-19T10:44:44.074612Z,SUBMITTED,SPECIAL_INTENTION_SITE_CLEARANCE,Lokalitetsklarering,964118191,MOWI ASA,,,PENDING,,,,
SP-2026-002450,2026-02-19T14:51:40.542398Z,SUBMITTED,CHANGE_SITE,BRUDEVIKA,921668236,MOWI SEAWATER NORWAY AS,,,PENDING,,,,
SP-2026-002451,2026-02-19T15:01:51.879640Z,SUBMITTED,NEW_SITE,Kalvøya,996482537,AKVAFUTURE AS,,,PENDING,,,,
SP-2026-002452,2026-02-20T14:58:23.724841Z,SUBMITTED,SPECIAL_INTENTION_SITE_CLEARANCE,Lokalitetsklarering,932186497,BJØRØYA AS,,,PENDING,,,,
SP-2026-002453,2026-02-23T14:09:19.583004Z,SUBMITTED,CHANGE_SITE,STORE BUKKØY N,929601610,LOVUNDLAKS SJØ AS,,,PENDING,,,,
SP-2026-002454,2026-02-23T14:10:45.111943Z,SUBMITTED,CHANGE_SITE,ØRNES,947672134,KVARØY FISKEOPPDRETT A/S,,,PENDING,,,,
SP-2026-002455,2026-02-24T13:43:22.092834Z,RETURNED,MINOR_AREA_CHANGES,NORDSKAFTET,827248312,NOVA SEA HAVBRUK AS,,,PENDING,,,,
SP-2026-002456,2026-02-25T13:33:16.769328Z,SUBMITTED,LAND_BASED_AQUACULTURE,SVARTNES,925795089,GAMST SHILOVA AS,,,PENDING,,,,
SP-2026-002457,2026-02-26T13:14:57.215227Z,PROCESSED,CO_LOCATION_APPLICATION,Ystøya,996236625,SELSØYVIK HAVBRUK AS,,,PENDING,,,,
SP-2026-002458,2026-02-27T13:52:29.476687Z,SUBMITTED,NEW_SITE,Rossvika,996482537,AKVAFUTURE AS,,,PENDING,,,,
SP-2026-002459,2026-03-03T13:34:12.221630Z,SUBMITTED,CHANGE_SITE,BJØRLYKKESTRANDA,921668236,MOWI SEAWATER NORWAY AS,,,PENDING,,,,
SP-2026-002460,2026-03-05T17:34:40.772315Z,SUBMITTED,CHANGE_SITE,BREIVIKEN,947672134,KVARØY FISKEOPPDRETT A/S,,,PENDING,,,,
SP-2026-002461,2026-03-06T10:52:30.522075Z,PROCESSED,CO_LOCATION_APPLICATION,HONDSKÅR,930185698,LERØY VEST SJØ AS,,,PENDING,,,,
SP-2026-002462,2026-03-06T11:52:13.756222Z,SUBMITTED,CHANGE_SITE,SELSØYVÆR,996236625,SELSØYVIK HAVBRUK AS,,,PENDING,,,,
SP-2026-002463,2026-03-09T09:34:15.201830Z,SUBMITTED,NEW_SITE,Gannflesa,920936482,VIEWPOINT SPIDERCAGE AS,,,PENDING,,,,
SP-2026-002464,2026-03-13T13:41:45.260037Z,SUBMITTED,NEW_SITE,Langøy,930152366,CERMAQ NORWAY SALMON AS,,,PENDING,,,,
SP-2026-002465,2026-03-13T14:09:35.314117Z,SUBMITTED,CHANGE_SITE,BØRØYA,930152366,CERMAQ NORWAY SALMON AS,,,PENDING,,,,
SP-2026-002466,2026-03-16T09:04:16.417830Z,PROCESSED,CO_LOCATION_APPLICATION,KVIKSHOLMEN,829512572,LANGØYLAKS AS,,,PENDING,,,,
SP-2026-002467,2026-03-16T11:37:46.904721Z,SUBMITTED,CO_LOCATION_APPLICATION,ISTERVIKA,827248312,NOVA SEA HAVBRUK AS,,,PENDING,,,,
SP-2026-002468,2026-03-16T11:40:21.950305Z,SUBMITTED,CO_LOCATION_APPLICATION,STORSTROMPAN,827248312,NOVA SEA HAVBRUK AS,,,PENDING,,,,
SP-2026-002469,2026-03-16T11:41:51.852200Z,SUBMITTED,CO_LOCATION_APPLICATION,HESTVIK,827248312,NOVA SEA HAVBRUK AS,,,PENDING,,,,
SP-2026-002470,2026-03-16T11:43:08.004821Z,SUBMITTED,CO_LOCATION_APPLICATION,STORVIKNESET,827248312,NOVA SEA HAVBRUK AS,,,PENDING,,,,
SP-2026-002471,2026-03-17T13:02:36.432145Z,SUBMITTED,OTHER_FISH_SPECIES,Flatskjæret,925155748,KIME AKVA AS,,,PENDING,,,,
SP-2026-002472,2026-03-19T10:08:41.834141Z,SUBMITTED,SPECIAL_INTENTION_SITE_CLEARANCE,Lokalitetsklarering,821311632,VESTLAND FYLKESKOMMUNE,,,PENDING,,,,
SP-2026-002473,2026-03-20T13:20:26.324667Z,SUBMITTED,CHANGE_SITE,JUVIKA B,921668236,MOWI SEAWATER NORWAY AS,,,PENDING,,,,
SP-2026-002474,2026-03-21T18:29:50.655321Z,SUBMITTED,NON_FISH_SPECIES,Christiania Roklub,926824090,MAREA,,,PENDING,,,,
SP-2026-002475,2026-03-23T08:36:55.223188Z,SUBMITTED,CHANGE_SITE,GRUNNENESET,921668236,MOWI SEAWATER NORWAY AS,,,PENDING,,,,
SP-2026-002477,2026-03-26T14:05:28.314864Z,SUBMITTED,LAND_BASED_AQUACULTURE,YTRE HARØY,944183779,MØRE OG ROMSDAL FYLKESKOMMUNE,,,PENDING,,,,
SP-2026-002478,2026-03-27T07:07:43.087405Z,SUBMITTED,LAND_BASED_AQUACULTURE,RØYKLIBOTN,958438370,NEPTUN SALMO AS,,,PENDING,,,,
SP-2026-002479,2026-03-27T15:18:14.587336Z,SUBMITTED,SPECIAL_INTENTION,BJØRØYA AS,932186497,BJØRØYA AS,,,PENDING,,,,
